行号,技能,主要技能ID,开始秒,施展秒,结束秒,本行起始战意,主要技能前战意,主要技能后战意,龙驭前,龙驭后,施展前马上,结算后马上,激雷,橙武,驰骋,流血层数,流血品质,灭来源,非GCD动作JSON,本行伤害,伤害明细JSON
1,灭·正常,destroy,0,0,1.2175,5,5,5,0,0,0,0,0,0,0,1,2,normal,[],4838944.772721733,"{""autoAttack"":200684.40871821836,""destroy"":2188173.4534220677,""destroyPoLouLan"":2099830.2281946638,""destroyStrain"":350256.68238678254}"
2,龙牙→突,dragonFang,1.2175,1.2175,2.435,5,5,2,0,1,0,0,0,0,0,1,2,,"[{""action"":""dash"",""seconds"":2.3725,""rageBefore"":null,""rageAfter"":null,""mounted"":false,""thunder"":false,""orange"":false,""ride"":false,""reason"":null,""dragonRideStacksAtStart"":null,""chargeReadyAtStart"":null,""breakArmyWindow"":true,""activeUntilSeconds"":null}]",10857331.056174811,"{""dragonFang"":4526273.727421053,""dragonBlood"":1441078.46825112,""dragonFangStrain"":350256.68238678254,""breakGang"":1756238.1099026103,""breakArmy"":1892912.7728876304,""dragonFangDivine"":55352.95272248696,""autoAttack"":200684.40871821836,""bleedTick"":571199.8388994528,""dash"":63334.09498545909}"
3,任驰骋→雷+CW,ride,2.435,2.435,3.6525,2,2,5,1,7,0,1,0,0,0,1,2,,"[{""action"":""thunder"",""seconds"":3.59,""rageBefore"":2,""rageAfter"":null,""mounted"":true,""thunder"":null,""orange"":null,""ride"":true,""reason"":null,""dragonRideStacksAtStart"":7,""chargeReadyAtStart"":true,""breakArmyWindow"":null,""activeUntilSeconds"":21.59},{""action"":""orange"",""seconds"":3.59,""rageBefore"":null,""rageAfter"":5,""mounted"":null,""thunder"":null,""orange"":null,""ride"":null,""reason"":null,""dragonRideStacksAtStart"":null,""chargeReadyAtStart"":null,""breakArmyWindow"":null,""activeUntilSeconds"":null}]",897596.0771444432,"{""autoAttack"":200684.40871821836,""bleedTick"":696911.6684262248}"
4,龙牙,dragonFang,3.6525,3.6525,4.87,5,5,5,7,6,1,1,1,1,1,1,2,,[],29067365.02440863,"{""dragonFang"":12777896.140423676,""dragonBlood"":2776182.313681091,""dragonFangStrain"":564636.1597970189,""breakGang"":3453669.2581398995,""breakArmy"":2382931.5758545445,""dragonFangDivine"":108881.35399991347,""orangeExtra"":6645201.574440612,""autoAttack"":357966.6480718725}"
5,龙牙,dragonFang,4.87,4.87,6.0875,5,5,5,6,5,1,1,1,1,1,1,2,,[],30190831.179276675,"{""dragonFang"":12777896.140423676,""dragonBlood"":2776182.313681091,""dragonFangStrain"":564636.1597970189,""breakGang"":3453669.2581398995,""breakArmy"":2382931.5758545445,""dragonFangDivine"":108881.35399991347,""orangeExtra"":6645201.574440612,""bleedTick"":1123466.1548680456,""autoAttack"":357966.6480718725}"
6,龙牙,dragonFang,6.0875,6.0875,7.305,5,5,5,5,4,1,1,1,1,1,1,2,,[],30190831.179276675,"{""dragonFang"":12777896.140423676,""dragonBlood"":2776182.313681091,""dragonFangStrain"":564636.1597970189,""breakGang"":3453669.2581398995,""breakArmy"":2382931.5758545445,""dragonFangDivine"":108881.35399991347,""orangeExtra"":6645201.574440612,""bleedTick"":1123466.1548680456,""autoAttack"":357966.6480718725}"
7,龙牙,dragonFang,7.305,7.305,8.5225,5,5,5,4,3,1,1,1,1,1,1,2,,[],29832864.5312048,"{""dragonFang"":12777896.140423676,""dragonBlood"":2776182.313681091,""dragonFangStrain"":564636.1597970189,""breakGang"":3453669.2581398995,""breakArmy"":2382931.5758545445,""dragonFangDivine"":108881.35399991347,""orangeExtra"":6645201.574440612,""bleedTick"":1123466.1548680456}"
8,龙牙,dragonFang,8.5225,8.5225,9.74,5,5,5,3,2,1,1,1,1,1,1,2,,[],29067365.02440863,"{""dragonFang"":12777896.140423676,""dragonBlood"":2776182.313681091,""dragonFangStrain"":564636.1597970189,""breakGang"":3453669.2581398995,""breakArmy"":2382931.5758545445,""dragonFangDivine"":108881.35399991347,""orangeExtra"":6645201.574440612,""autoAttack"":357966.6480718725}"
9,龙牙,dragonFang,9.74,9.74,10.9575,5,5,4,2,1,1,1,1,0,1,1,2,,[],23545629.60483606,"{""dragonFang"":12777896.140423676,""dragonBlood"":2776182.313681091,""dragonFangStrain"":564636.1597970189,""breakGang"":3453669.2581398995,""breakArmy"":2382931.5758545445,""dragonFangDivine"":108881.35399991347,""bleedTick"":1123466.1548680456,""autoAttack"":357966.6480718725}"
10,龙牙,dragonFang,10.9575,10.9575,12.175,4,4,3,1,0,1,1,1,0,1,1,2,,[],22991722.189096496,"{""dragonFang"":12322853.33923073,""dragonBlood"":2677317.699134469,""dragonFangStrain"":564636.1597970189,""breakGang"":3453669.2581398995,""breakArmy"":2382931.5758545445,""dragonFangDivine"":108881.35399991347,""bleedTick"":1123466.1548680456,""autoAttack"":357966.6480718725}"
11,灭·正常,destroy,12.175,12.175,13.3925,3,3,5,0,0,1,1,1,0,1,2,2,normal,[],12092220.549923362,"{""destroy"":3931285.614871933,""breakArmy"":1191465.7879272723,""destroyPoLouLan"":3799934.0295191747,""destroyStrain"":564636.1597970189,""autoAttack"":357966.6480718725,""bleedTick"":2246932.309736091}"
12,龙牙,dragonFang,13.3925,13.3925,14.61,5,5,4,0,0,1,1,1,0,1,2,2,,[],18455422.627924036,"{""dragonFang"":8811155.318379693,""dragonBlood"":2776182.313681091,""dragonFangStrain"":564636.1597970189,""breakGang"":3453669.2581398995,""breakArmy"":2382931.5758545445,""dragonFangDivine"":108881.35399991347,""autoAttack"":357966.6480718725}"
13,龙牙,dragonFang,14.61,14.61,15.8275,4,4,3,0,0,1,1,1,0,1,2,2,,[],20289709.967274055,"{""dragonFang"":8497374.962540247,""dragonBlood"":2677317.699134469,""dragonFangStrain"":564636.1597970189,""breakGang"":3453669.2581398995,""breakArmy"":2382931.5758545445,""dragonFangDivine"":108881.35399991347,""bleedTick"":2246932.309736091,""autoAttack"":357966.6480718725}"
14,龙牙,dragonFang,15.8275,15.8275,17.045,3,3,2,0,0,1,1,1,0,1,2,2,,[],19519098.348816115,"{""dragonFang"":8183594.6067008,""dragonBlood"":2578453.084587848,""dragonFangStrain"":564636.1597970189,""breakGang"":3453669.2581398995,""breakArmy"":2382931.5758545445,""dragonFangDivine"":108881.35399991347,""bleedTick"":2246932.309736091}"
15,断魂刺→龙牙,dragonFang,17.045,17.045,18.2625,2,5,4,0,0,1,1,1,0,1,2,2,,"[{""action"":""charge"",""seconds"":17.045,""rageBefore"":2,""rageAfter"":5,""mounted"":true,""thunder"":true,""orange"":false,""ride"":true,""reason"":null,""dragonRideStacksAtStart"":null,""chargeReadyAtStart"":null,""breakArmyWindow"":null,""activeUntilSeconds"":null}]",23359216.196760677,"{""charge"":273929.6832460043,""breakArmy"":4765863.151709089,""dragonFang"":8811155.318379693,""dragonBlood"":2776182.313681091,""dragonFangStrain"":564636.1597970189,""breakGang"":3453669.2581398995,""dragonFangDivine"":108881.35399991347,""autoAttack"":357966.6480718725,""bleedTick"":2246932.309736091}"
16,龙牙,dragonFang,18.2625,18.2625,19.48,4,4,3,0,0,1,1,1,0,0,2,2,,[],15069279.882966712,"{""dragonFang"":6998278.799870527,""dragonBlood"":2228117.3213662216,""dragonFangStrain"":564636.1597970189,""breakGang"":2831168.0888061924,""breakArmy"":2034330.9210276685,""dragonFangDivine"":89232.49785178235,""autoAttack"":323516.0942473035}"
17,龙牙,dragonFang,19.48,19.48,20.6975,3,3,2,0,0,1,1,1,0,0,2,2,,[],16570200.453137688,"{""dragonFang"":6739855.178250027,""dragonBlood"":2145840.212372868,""dragonFangStrain"":564636.1597970189,""breakGang"":2831168.0888061924,""breakArmy"":2034330.9210276685,""dragonFangDivine"":89232.49785178235,""bleedTick"":1841621.3007848305,""autoAttack"":323516.0942473035}"
18,龙牙,dragonFang,20.6975,20.6975,21.915,2,2,1,0,0,1,1,1,0,0,2,2,,[],16222819.316041209,"{""dragonFang"":6476364.42679383,""dragonBlood"":2061949.8267325847,""dragonFangStrain"":564636.1597970189,""breakGang"":2831168.0888061924,""breakArmy"":2034330.9210276685,""dragonFangDivine"":89232.49785178235,""bleedTick"":1841621.3007848305,""autoAttack"":323516.0942473035}"
19,灭·正常,destroy,21.915,21.915,23.1325,1,1,4,0,0,1,1,0,0,0,2,2,normal,[],5975842.641667494,"{""destroy"":1863380.6496111874,""breakArmy"":630970.9242958768,""destroyPoLouLan"":1788150.298856523,""destroyStrain"":350256.68238678254,""bleedTick"":1142399.6777989056,""autoAttack"":200684.40871821836}"
20,下马→任驰骋→雷,ride,23.1325,23.1325,24.35,4,4,4,0,6,1,1,0,0,0,2,2,,"[{""action"":""dismount"",""seconds"":23.1325,""rageBefore"":null,""rageAfter"":null,""mounted"":true,""thunder"":false,""orange"":false,""ride"":false,""reason"":""refresh-ride"",""dragonRideStacksAtStart"":0,""chargeReadyAtStart"":null,""breakArmyWindow"":null,""activeUntilSeconds"":null},{""action"":""thunder"",""seconds"":24.2875,""rageBefore"":4,""rageAfter"":null,""mounted"":true,""thunder"":null,""orange"":null,""ride"":true,""reason"":null,""dragonRideStacksAtStart"":6,""chargeReadyAtStart"":true,""breakArmyWindow"":null,""activeUntilSeconds"":42.2875}]",0,{}
21,龙牙,dragonFang,24.35,24.35,25.5675,4,4,3,6,5,1,1,1,0,1,2,2,,[],24115188.343964543,"{""dragonFang"":12322853.33923073,""dragonBlood"":2677317.699134469,""dragonFangStrain"":564636.1597970189,""breakGang"":3453669.2581398995,""breakArmy"":2382931.5758545445,""dragonFangDivine"":108881.35399991347,""bleedTick"":2246932.309736091,""autoAttack"":357966.6480718725}"
22,龙牙,dragonFang,25.5675,25.5675,26.785,3,3,2,5,4,1,1,1,0,1,2,2,,[],23561280.928224973,"{""dragonFang"":11867810.538037783,""dragonBlood"":2578453.084587848,""dragonFangStrain"":564636.1597970189,""breakGang"":3453669.2581398995,""breakArmy"":2382931.5758545445,""dragonFangDivine"":108881.35399991347,""autoAttack"":357966.6480718725,""bleedTick"":2246932.309736091}"
23,断魂刺+下马+突→龙牙,dragonFang,26.785,26.785,28.0025,2,5,4,4,5,1,0,1,0,1,2,2,,"[{""action"":""charge"",""seconds"":26.785,""rageBefore"":2,""rageAfter"":5,""mounted"":true,""thunder"":true,""orange"":false,""ride"":true,""reason"":null,""dragonRideStacksAtStart"":null,""chargeReadyAtStart"":null,""breakArmyWindow"":null,""activeUntilSeconds"":null},{""action"":""dismount"",""seconds"":26.785,""rageBefore"":null,""rageAfter"":null,""mounted"":true,""thunder"":true,""orange"":false,""ride"":true,""reason"":""free-search"",""dragonRideStacksAtStart"":4,""chargeReadyAtStart"":null,""breakArmyWindow"":null,""activeUntilSeconds"":null},{""action"":""dash"",""seconds"":26.785,""rageBefore"":null,""rageAfter"":null,""mounted"":false,""thunder"":true,""orange"":false,""ride"":true,""reason"":null,""dragonRideStacksAtStart"":null,""chargeReadyAtStart"":null,""breakArmyWindow"":true,""activeUntilSeconds"":null}]",24675186.886549663,"{""charge"":273929.6832460043,""breakArmy"":5957328.939636361,""dash"":124504.90186171386,""dragonFang"":8811155.318379693,""dragonBlood"":2776182.313681091,""dragonFangStrain"":564636.1597970189,""breakGang"":3453669.2581398995,""dragonFangDivine"":108881.35399991347,""autoAttack"":357966.6480718725,""bleedTick"":2246932.309736091}"
24,龙牙,dragonFang,28.0025,28.0025,29.22,4,4,3,5,6,0,0,1,0,1,2,2,,[],18042777.657537963,"{""dragonFang"":8497374.962540247,""dragonBlood"":2677317.699134469,""dragonFangStrain"":564636.1597970189,""breakGang"":3453669.2581398995,""breakArmy"":2382931.5758545445,""dragonFangDivine"":108881.35399991347,""autoAttack"":357966.6480718725}"
25,下马→龙牙,dragonFang,29.22,29.22,30.4375,3,3,2,6,7,0,0,1,0,1,2,2,,"[{""action"":""dismount"",""seconds"":29.22,""rageBefore"":null,""rageAfter"":null,""mounted"":false,""thunder"":true,""orange"":false,""ride"":true,""reason"":""free-search"",""dragonRideStacksAtStart"":6,""chargeReadyAtStart"":null,""breakArmyWindow"":null,""activeUntilSeconds"":null}]",19877064.99688799,"{""dragonFang"":8183594.6067008,""dragonBlood"":2578453.084587848,""dragonFangStrain"":564636.1597970189,""breakGang"":3453669.2581398995,""breakArmy"":2382931.5758545445,""dragonFangDivine"":108881.35399991347,""bleedTick"":2246932.309736091,""autoAttack"":357966.6480718725}"
26,灭·正常,destroy,30.4375,30.4375,31.655,2,2,5,7,7,0,0,1,0,1,2,2,normal,[],11777921.948453154,"{""destroy"":3771466.384845193,""breakArmy"":1191465.7879272723,""destroyPoLouLan"":3645454.658075708,""destroyStrain"":564636.1597970189,""bleedTick"":2246932.309736091,""autoAttack"":357966.6480718725}"
27,龙牙,dragonFang,31.655,31.655,32.8725,5,5,4,7,8,0,0,1,0,1,2,2,,[],20344388.289588254,"{""dragonFang"":8811155.318379693,""dragonBlood"":2776182.313681091,""dragonFangStrain"":564636.1597970189,""breakGang"":3453669.2581398995,""breakArmy"":2382931.5758545445,""dragonFangDivine"":108881.35399991347,""bleedTick"":2246932.309736091}"
28,龙牙,dragonFang,32.8725,32.8725,34.09,4,4,3,8,9,0,0,1,0,1,2,2,,[],18042777.657537963,"{""dragonFang"":8497374.962540247,""dragonBlood"":2677317.699134469,""dragonFangStrain"":564636.1597970189,""breakGang"":3453669.2581398995,""breakArmy"":2382931.5758545445,""dragonFangDivine"":108881.35399991347,""autoAttack"":357966.6480718725}"
29,龙牙,dragonFang,34.09,34.09,35.3075,3,3,2,9,10,0,0,1,0,1,2,2,,[],19877064.99688799,"{""dragonFang"":8183594.6067008,""dragonBlood"":2578453.084587848,""dragonFangStrain"":564636.1597970189,""breakGang"":3453669.2581398995,""breakArmy"":2382931.5758545445,""dragonFangDivine"":108881.35399991347,""bleedTick"":2246932.309736091,""autoAttack"":357966.6480718725}"
30,灭·破楼兰,destroy,35.3075,35.3075,36.525,2,2,5,10,10,0,0,1,0,1,2,2,poLouLanBonus,[],11777921.948453154,"{""destroy"":3771466.384845193,""breakArmy"":1191465.7879272723,""destroyPoLouLan"":3645454.658075708,""destroyStrain"":564636.1597970189,""bleedTick"":2246932.309736091,""autoAttack"":357966.6480718725}"
31,龙牙,dragonFang,36.525,36.525,37.7425,5,5,4,10,11,0,0,1,0,1,2,2,,[],20702354.937660128,"{""dragonFang"":8811155.318379693,""dragonBlood"":2776182.313681091,""dragonFangStrain"":564636.1597970189,""breakGang"":3453669.2581398995,""breakArmy"":2382931.5758545445,""dragonFangDivine"":108881.35399991347,""autoAttack"":357966.6480718725,""bleedTick"":2246932.309736091}"
32,龙牙,dragonFang,37.7425,37.7425,38.96,4,4,3,11,12,0,0,1,0,1,2,2,,[],18008327.103713393,"{""dragonFang"":8497374.962540247,""dragonBlood"":2677317.699134469,""dragonFangStrain"":564636.1597970189,""breakGang"":3453669.2581398995,""breakArmy"":2382931.5758545445,""dragonFangDivine"":108881.35399991347,""autoAttack"":323516.0942473035}"
33,龙牙,dragonFang,38.96,38.96,40.1775,3,3,2,12,13,0,0,1,0,0,2,2,,[],16246684.358890384,"{""dragonFang"":6739855.178250027,""dragonBlood"":2145840.212372868,""dragonFangStrain"":564636.1597970189,""breakGang"":2831168.0888061924,""breakArmy"":2034330.9210276685,""dragonFangDivine"":89232.49785178235,""bleedTick"":1841621.3007848305}"
34,龙牙,dragonFang,40.1775,40.1775,41.395,2,2,1,13,14,0,0,1,0,0,2,2,,[],16222819.316041209,"{""dragonFang"":6476364.42679383,""dragonBlood"":2061949.8267325847,""dragonFangStrain"":564636.1597970189,""breakGang"":2831168.0888061924,""breakArmy"":2034330.9210276685,""dragonFangDivine"":89232.49785178235,""autoAttack"":323516.0942473035,""bleedTick"":1841621.3007848305}"
35,龙牙,dragonFang,41.395,41.395,42.6125,1,1,0,14,15,0,0,1,0,0,2,2,,[],15882118.585427355,"{""dragonFang"":6217940.805173329,""dragonBlood"":1979672.7177392307,""dragonFangStrain"":564636.1597970189,""breakGang"":2831168.0888061924,""breakArmy"":2034330.9210276685,""dragonFangDivine"":89232.49785178235,""autoAttack"":323516.0942473035,""bleedTick"":1841621.3007848305}"
36,灭·正常,destroy,42.6125,42.6125,43.83,0,0,3,15,15,0,0,0,0,0,2,2,normal,[],4675100.966841272,"{""destroy"":1782578.5374436032,""breakArmy"":630970.9242958768,""destroyPoLouLan"":1710610.4139967912,""destroyStrain"":350256.68238678254,""autoAttack"":200684.40871821836}"
37,灭·破楼兰→突,destroy,43.83,43.83,45.0475,3,3,5,15,15,0,0,0,0,0,2,2,poLouLanBonus,"[{""action"":""dash"",""seconds"":44.985,""rageBefore"":null,""rageAfter"":null,""mounted"":false,""thunder"":false,""orange"":false,""ride"":false,""reason"":null,""dragonRideStacksAtStart"":null,""chargeReadyAtStart"":null,""breakArmyWindow"":true,""activeUntilSeconds"":null}]",6989936.4000432165,"{""destroy"":2026569.2290868987,""breakArmy"":1261941.8485917535,""destroyPoLouLan"":1944750.4584751984,""destroyStrain"":350256.68238678254,""bleedTick"":1142399.6777989056,""autoAttack"":200684.40871821836,""dash"":63334.09498545909}"
38,任驰骋→雷,ride,45.0475,45.0475,46.265,5,5,5,15,21,0,1,0,0,0,2,2,,"[{""action"":""thunder"",""seconds"":46.2025,""rageBefore"":5,""rageAfter"":null,""mounted"":true,""thunder"":null,""orange"":null,""ride"":true,""reason"":null,""dragonRideStacksAtStart"":21,""chargeReadyAtStart"":true,""breakArmyWindow"":null,""activeUntilSeconds"":64.2025}]",1364454.5504514896,"{""bleedTick"":1142399.6777989056,""autoAttack"":222054.87265258387}"
39,龙牙,dragonFang,46.265,46.265,47.4825,5,5,4,21,20,1,1,1,0,1,2,2,,[],24669095.75970411,"{""dragonFang"":12777896.140423676,""dragonBlood"":2776182.313681091,""dragonFangStrain"":564636.1597970189,""breakGang"":3453669.2581398995,""breakArmy"":2382931.5758545445,""dragonFangDivine"":108881.35399991347,""bleedTick"":2246932.309736091,""autoAttack"":357966.6480718725}"
40,龙牙,dragonFang,47.4825,47.4825,48.7,4,4,3,20,19,1,1,1,0,1,2,2,,[],21510289.386156578,"{""dragonFang"":12322853.33923073,""dragonBlood"":2677317.699134469,""dragonFangStrain"":564636.1597970189,""breakGang"":3453669.2581398995,""breakArmy"":2382931.5758545445,""dragonFangDivine"":108881.35399991347}"
41,龙牙,dragonFang,48.7,48.7,49.9175,3,3,2,19,18,1,1,1,0,1,2,2,,[],23561280.928224973,"{""dragonFang"":11867810.538037783,""dragonBlood"":2578453.084587848,""dragonFangStrain"":564636.1597970189,""breakGang"":3453669.2581398995,""breakArmy"":2382931.5758545445,""dragonFangDivine"":108881.35399991347,""bleedTick"":2246932.309736091,""autoAttack"":357966.6480718725}"
42,断魂刺→龙牙,dragonFang,49.9175,49.9175,51.135,2,5,4,18,17,1,1,1,0,1,2,2,,"[{""action"":""charge"",""seconds"":49.9175,""rageBefore"":2,""rageAfter"":5,""mounted"":true,""thunder"":true,""orange"":false,""ride"":true,""reason"":null,""dragonRideStacksAtStart"":null,""chargeReadyAtStart"":null,""breakArmyWindow"":null,""activeUntilSeconds"":null}]",27325957.018804662,"{""charge"":273929.6832460043,""breakArmy"":4765863.151709089,""dragonFang"":12777896.140423676,""dragonBlood"":2776182.313681091,""dragonFangStrain"":564636.1597970189,""breakGang"":3453669.2581398995,""dragonFangDivine"":108881.35399991347,""autoAttack"":357966.6480718725,""bleedTick"":2246932.309736091}"
43,龙牙,dragonFang,51.135,51.135,52.3525,4,4,3,17,16,1,1,1,0,1,2,2,,[],24115188.343964543,"{""dragonFang"":12322853.33923073,""dragonBlood"":2677317.699134469,""dragonFangStrain"":564636.1597970189,""breakGang"":3453669.2581398995,""breakArmy"":2382931.5758545445,""dragonFangDivine"":108881.35399991347,""autoAttack"":357966.6480718725,""bleedTick"":2246932.309736091}"
44,灭·正常,destroy,52.3525,52.3525,53.57,3,3,5,16,16,1,1,1,0,1,2,2,normal,[],9845288.24018727,"{""destroy"":3931285.614871933,""breakArmy"":1191465.7879272723,""destroyPoLouLan"":3799934.0295191747,""destroyStrain"":564636.1597970189,""autoAttack"":357966.6480718725}"
45,龙牙,dragonFang,53.57,53.57,54.7875,5,5,4,16,15,1,1,1,0,1,2,2,,[],24669095.75970411,"{""dragonFang"":12777896.140423676,""dragonBlood"":2776182.313681091,""dragonFangStrain"":564636.1597970189,""breakGang"":3453669.2581398995,""breakArmy"":2382931.5758545445,""dragonFangDivine"":108881.35399991347,""bleedTick"":2246932.309736091,""autoAttack"":357966.6480718725}"
46,龙牙,dragonFang,54.7875,54.7875,56.005,4,4,3,15,14,1,1,1,0,1,2,2,,[],23757221.69589267,"{""dragonFang"":12322853.33923073,""dragonBlood"":2677317.699134469,""dragonFangStrain"":564636.1597970189,""breakGang"":3453669.2581398995,""breakArmy"":2382931.5758545445,""dragonFangDivine"":108881.35399991347,""bleedTick"":2246932.309736091}"
47,CW→龙牙,dragonFang,56.005,56.005,57.2225,3,5,5,14,13,1,1,1,1,1,2,2,,"[{""action"":""orange"",""seconds"":56.005,""rageBefore"":null,""rageAfter"":5,""mounted"":null,""thunder"":null,""orange"":null,""ride"":null,""reason"":null,""dragonRideStacksAtStart"":null,""chargeReadyAtStart"":null,""breakArmyWindow"":null,""activeUntilSeconds"":null}]",31314297.334144723,"{""dragonFang"":12777896.140423676,""dragonBlood"":2776182.313681091,""dragonFangStrain"":564636.1597970189,""breakGang"":3453669.2581398995,""breakArmy"":2382931.5758545445,""dragonFangDivine"":108881.35399991347,""orangeExtra"":6645201.574440612,""autoAttack"":357966.6480718725,""bleedTick"":2246932.309736091}"
48,龙牙,dragonFang,57.2225,57.2225,58.44,5,5,5,13,12,1,1,1,1,1,2,2,,[],29067365.02440863,"{""dragonFang"":12777896.140423676,""dragonBlood"":2776182.313681091,""dragonFangStrain"":564636.1597970189,""breakGang"":3453669.2581398995,""breakArmy"":2382931.5758545445,""dragonFangDivine"":108881.35399991347,""orangeExtra"":6645201.574440612,""autoAttack"":357966.6480718725}"
49,龙牙,dragonFang,58.44,58.44,59.6575,5,5,5,12,11,1,1,1,1,1,2,2,,[],31314297.334144723,"{""dragonFang"":12777896.140423676,""dragonBlood"":2776182.313681091,""dragonFangStrain"":564636.1597970189,""breakGang"":3453669.2581398995,""breakArmy"":2382931.5758545445,""dragonFangDivine"":108881.35399991347,""orangeExtra"":6645201.574440612,""bleedTick"":2246932.309736091,""autoAttack"":357966.6480718725}"
50,龙牙,dragonFang,59.6575,59.6575,60.875,5,5,5,11,10,1,1,1,1,1,2,2,,[],31314297.334144723,"{""dragonFang"":12777896.140423676,""dragonBlood"":2776182.313681091,""dragonFangStrain"":564636.1597970189,""breakGang"":3453669.2581398995,""breakArmy"":2382931.5758545445,""dragonFangDivine"":108881.35399991347,""orangeExtra"":6645201.574440612,""bleedTick"":2246932.309736091,""autoAttack"":357966.6480718725}"
51,龙牙,dragonFang,60.875,60.875,62.0925,5,5,5,10,9,1,1,1,1,0,2,2,,[],25965687.59424903,"{""dragonFang"":10523635.835853688,""dragonBlood"":2310394.4303595773,""dragonFangStrain"":564636.1597970189,""breakGang"":2831168.0888061924,""breakArmy"":2034330.9210276685,""dragonFangDivine"":89232.49785178235,""orangeExtra"":5447152.265520969,""bleedTick"":1841621.3007848305,""autoAttack"":323516.0942473035}"
52,龙牙,dragonFang,62.0925,62.0925,63.31,5,5,4,9,8,1,1,1,0,0,2,2,,[],18676914.02794323,"{""dragonFang"":10523635.835853688,""dragonBlood"":2310394.4303595773,""dragonFangStrain"":564636.1597970189,""breakGang"":2831168.0888061924,""breakArmy"":2034330.9210276685,""dragonFangDivine"":89232.49785178235,""autoAttack"":323516.0942473035}"
53,下马+突→龙牙,dragonFang,63.31,63.31,64.5275,4,4,3,8,9,1,0,1,0,0,2,2,,"[{""action"":""dismount"",""seconds"":63.31,""rageBefore"":null,""rageAfter"":null,""mounted"":true,""thunder"":true,""orange"":false,""ride"":false,""reason"":""free-search"",""dragonRideStacksAtStart"":8,""chargeReadyAtStart"":null,""breakArmyWindow"":null,""activeUntilSeconds"":null},{""action"":""dash"",""seconds"":63.31,""rageBefore"":null,""rageAfter"":null,""mounted"":false,""thunder"":true,""orange"":false,""ride"":false,""reason"":null,""dragonRideStacksAtStart"":null,""chargeReadyAtStart"":null,""breakArmyWindow"":true,""activeUntilSeconds"":null}]",17706649.159338307,"{""dash"":102098.60932023358,""breakArmy"":3051496.3815415027,""dragonFang"":6998278.799870527,""dragonBlood"":2228117.3213662216,""dragonFangStrain"":564636.1597970189,""breakGang"":2831168.0888061924,""dragonFangDivine"":89232.49785178235,""bleedTick"":1841621.3007848305}"
54,龙吟,dragonRoar,64.5275,64.5275,65.745,3,3,5,9,9,0,0,0,0,0,2,1,,[],4993688.377399129,"{""dragonRoar"":3209533.180270538,""breakArmy"":630970.9242958768,""autoAttack"":200684.40871821836,""bleedTick"":952499.8641144952}"
55,龙牙,dragonFang,65.745,65.745,66.9625,5,5,2,9,10,0,0,0,0,0,2,1,,[],10544326.062108519,"{""dragonFang"":4526273.727421053,""dragonBlood"":1441078.46825112,""dragonFangStrain"":350256.68238678254,""breakGang"":1756238.1099026103,""breakArmy"":1261941.8485917535,""dragonFangDivine"":55352.95272248696,""autoAttack"":200684.40871821836,""bleedTick"":952499.8641144952}"
56,灭·正常,destroy,66.9625,66.9625,68.18,2,2,5,10,10,0,0,0,0,0,2,2,normal,[],4991784.960895907,"{""destroy"":1944182.7617787733,""breakArmy"":630970.9242958768,""destroyPoLouLan"":1865690.183716256,""destroyStrain"":350256.68238678254,""autoAttack"":200684.40871821836}"
57,龙牙,dragonFang,68.18,68.18,69.3975,5,5,2,10,11,0,0,0,0,0,2,2,,[],10734225.87579293,"{""dragonFang"":4526273.727421053,""dragonBlood"":1441078.46825112,""dragonFangStrain"":350256.68238678254,""breakGang"":1756238.1099026103,""breakArmy"":1261941.8485917535,""dragonFangDivine"":55352.95272248696,""bleedTick"":1142399.6777989056,""autoAttack"":200684.40871821836}"
58,灭·破楼兰,destroy,69.3975,69.3975,70.615,2,2,5,11,11,0,0,0,0,0,2,2,poLouLanBonus,[],6134184.638694813,"{""destroy"":1944182.7617787733,""breakArmy"":630970.9242958768,""destroyPoLouLan"":1865690.183716256,""destroyStrain"":350256.68238678254,""bleedTick"":1142399.6777989056,""autoAttack"":200684.40871821836}"
59,任驰骋→雷,ride,70.615,70.615,71.8325,5,5,5,11,17,0,1,0,0,0,2,2,,"[{""action"":""thunder"",""seconds"":71.77,""rageBefore"":5,""rageAfter"":null,""mounted"":true,""thunder"":null,""orange"":null,""ride"":true,""reason"":null,""dragonRideStacksAtStart"":17,""chargeReadyAtStart"":true,""breakArmyWindow"":null,""activeUntilSeconds"":89.77}]",1393823.3368524497,"{""bleedTick"":1393823.3368524497}"
60,龙牙,dragonFang,71.8325,71.8325,73.05,5,5,4,17,16,1,1,1,0,1,2,2,,[],22422163.449968018,"{""dragonFang"":12777896.140423676,""dragonBlood"":2776182.313681091,""dragonFangStrain"":564636.1597970189,""breakGang"":3453669.2581398995,""breakArmy"":2382931.5758545445,""dragonFangDivine"":108881.35399991347,""autoAttack"":357966.6480718725}"
61,龙牙,dragonFang,73.05,73.05,74.2675,4,4,3,16,15,1,1,1,0,1,2,2,,[],24115188.343964543,"{""dragonFang"":12322853.33923073,""dragonBlood"":2677317.699134469,""dragonFangStrain"":564636.1597970189,""breakGang"":3453669.2581398995,""breakArmy"":2382931.5758545445,""dragonFangDivine"":108881.35399991347,""bleedTick"":2246932.309736091,""autoAttack"":357966.6480718725}"
62,龙牙,dragonFang,74.2675,74.2675,75.485,3,3,2,15,14,1,1,1,0,1,2,2,,[],23561280.928224973,"{""dragonFang"":11867810.538037783,""dragonBlood"":2578453.084587848,""dragonFangStrain"":564636.1597970189,""breakGang"":3453669.2581398995,""breakArmy"":2382931.5758545445,""dragonFangDivine"":108881.35399991347,""autoAttack"":357966.6480718725,""bleedTick"":2246932.309736091}"
63,断魂刺→龙牙,dragonFang,75.485,75.485,76.7025,2,5,4,14,13,1,1,1,0,1,2,2,,"[{""action"":""charge"",""seconds"":75.485,""rageBefore"":2,""rageAfter"":5,""mounted"":true,""thunder"":true,""orange"":false,""ride"":true,""reason"":null,""dragonRideStacksAtStart"":null,""chargeReadyAtStart"":null,""breakArmyWindow"":null,""activeUntilSeconds"":null}]",27325957.018804662,"{""charge"":273929.6832460043,""breakArmy"":4765863.151709089,""dragonFang"":12777896.140423676,""dragonBlood"":2776182.313681091,""dragonFangStrain"":564636.1597970189,""breakGang"":3453669.2581398995,""dragonFangDivine"":108881.35399991347,""autoAttack"":357966.6480718725,""bleedTick"":2246932.309736091}"
64,龙牙,dragonFang,76.7025,76.7025,77.92,4,4,3,13,12,1,1,1,0,1,2,2,,[],21868256.03422845,"{""dragonFang"":12322853.33923073,""dragonBlood"":2677317.699134469,""dragonFangStrain"":564636.1597970189,""breakGang"":3453669.2581398995,""breakArmy"":2382931.5758545445,""dragonFangDivine"":108881.35399991347,""autoAttack"":357966.6480718725}"
65,龙牙,dragonFang,77.92,77.92,79.1375,3,3,2,12,11,1,1,1,0,1,2,2,,[],23561280.928224973,"{""dragonFang"":11867810.538037783,""dragonBlood"":2578453.084587848,""dragonFangStrain"":564636.1597970189,""breakGang"":3453669.2581398995,""breakArmy"":2382931.5758545445,""dragonFangDivine"":108881.35399991347,""bleedTick"":2246932.309736091,""autoAttack"":357966.6480718725}"
66,灭·正常,destroy,79.1375,79.1375,80.355,2,2,5,11,11,1,1,1,0,1,2,2,normal,[],11419955.300381282,"{""destroy"":3771466.384845193,""breakArmy"":1191465.7879272723,""destroyPoLouLan"":3645454.658075708,""destroyStrain"":564636.1597970189,""bleedTick"":2246932.309736091}"
67,龙牙,dragonFang,80.355,80.355,81.5725,5,5,4,11,10,1,1,1,0,1,2,2,,[],24669095.75970411,"{""dragonFang"":12777896.140423676,""dragonBlood"":2776182.313681091,""dragonFangStrain"":564636.1597970189,""breakGang"":3453669.2581398995,""breakArmy"":2382931.5758545445,""dragonFangDivine"":108881.35399991347,""autoAttack"":357966.6480718725,""bleedTick"":2246932.309736091}"
68,龙牙,dragonFang,81.5725,81.5725,82.79,4,4,3,10,9,1,1,1,0,1,2,2,,[],21868256.03422845,"{""dragonFang"":12322853.33923073,""dragonBlood"":2677317.699134469,""dragonFangStrain"":564636.1597970189,""breakGang"":3453669.2581398995,""breakArmy"":2382931.5758545445,""dragonFangDivine"":108881.35399991347,""autoAttack"":357966.6480718725}"
69,龙牙,dragonFang,82.79,82.79,84.0075,3,3,2,9,8,1,1,1,0,1,2,2,,[],23561280.928224973,"{""dragonFang"":11867810.538037783,""dragonBlood"":2578453.084587848,""dragonFangStrain"":564636.1597970189,""breakGang"":3453669.2581398995,""breakArmy"":2382931.5758545445,""dragonFangDivine"":108881.35399991347,""bleedTick"":2246932.309736091,""autoAttack"":357966.6480718725}"
70,灭·破楼兰,destroy,84.0075,84.0075,85.225,2,2,5,8,8,1,1,1,0,1,2,2,poLouLanBonus,[],11777921.948453154,"{""destroy"":3771466.384845193,""breakArmy"":1191465.7879272723,""destroyPoLouLan"":3645454.658075708,""destroyStrain"":564636.1597970189,""bleedTick"":2246932.309736091,""autoAttack"":357966.6480718725}"
71,龙牙,dragonFang,85.225,85.225,86.4425,5,5,4,8,7,1,1,1,0,1,2,2,,[],24634645.20587954,"{""dragonFang"":12777896.140423676,""dragonBlood"":2776182.313681091,""dragonFangStrain"":564636.1597970189,""breakGang"":3453669.2581398995,""breakArmy"":2382931.5758545445,""dragonFangDivine"":108881.35399991347,""bleedTick"":2246932.309736091,""autoAttack"":323516.0942473035}"
72,龙牙,dragonFang,86.4425,86.4425,87.66,4,4,3,7,6,1,1,1,0,0,2,2,,[],17896356.099989247,"{""dragonFang"":10148871.111140365,""dragonBlood"":2228117.3213662216,""dragonFangStrain"":564636.1597970189,""breakGang"":2831168.0888061924,""breakArmy"":2034330.9210276685,""dragonFangDivine"":89232.49785178235}"
73,龙牙,dragonFang,87.66,87.66,88.8775,3,3,2,6,5,1,1,1,0,0,2,2,,[],19604451.661314704,"{""dragonFang"":9774106.386427041,""dragonBlood"":2145840.212372868,""dragonFangStrain"":564636.1597970189,""breakGang"":2831168.0888061924,""breakArmy"":2034330.9210276685,""dragonFangDivine"":89232.49785178235,""autoAttack"":323516.0942473035,""bleedTick"":1841621.3007848305}"
74,龙牙,dragonFang,88.8775,88.8775,90.095,2,2,1,5,4,1,1,1,0,0,2,2,,[],19138448.22302554,"{""dragonFang"":9391993.333778162,""dragonBlood"":2061949.8267325847,""dragonFangStrain"":564636.1597970189,""breakGang"":2831168.0888061924,""breakArmy"":2034330.9210276685,""dragonFangDivine"":89232.49785178235,""autoAttack"":323516.0942473035,""bleedTick"":1841621.3007848305}"
75,龙吟,dragonRoar,90.095,90.095,91.3125,1,1,3,4,4,1,1,0,0,0,2,1,,[],4754329.308469101,"{""dragonRoar"":2970174.1113405107,""breakArmy"":630970.9242958768,""autoAttack"":200684.40871821836,""bleedTick"":952499.8641144952}"
76,灭·正常,destroy,91.3125,91.3125,92.53,3,3,5,4,4,1,1,0,0,0,2,2,normal,[],5153231.702962975,"{""destroy"":2026569.2290868987,""breakArmy"":630970.9242958768,""destroyPoLouLan"":1944750.4584751984,""destroyStrain"":350256.68238678254,""autoAttack"":200684.40871821836}"
77,龙牙,dragonFang,92.53,92.53,93.7475,5,5,2,4,3,1,1,0,0,0,2,2,,[],12771933.090969792,"{""dragonFang"":6563980.942597914,""dragonBlood"":1441078.46825112,""dragonFangStrain"":350256.68238678254,""breakGang"":1756238.1099026103,""breakArmy"":1261941.8485917535,""dragonFangDivine"":55352.95272248696,""bleedTick"":1142399.6777989056,""autoAttack"":200684.40871821836}"
78,灭·破楼兰,destroy,93.7475,93.7475,94.965,2,2,5,3,3,1,1,0,0,0,2,2,poLouLanBonus,[],6134184.638694813,"{""destroy"":1944182.7617787733,""breakArmy"":630970.9242958768,""destroyPoLouLan"":1865690.183716256,""destroyStrain"":350256.68238678254,""bleedTick"":1142399.6777989056,""autoAttack"":200684.40871821836}"
79,龙牙,dragonFang,94.965,94.965,96.1825,5,5,2,3,2,1,1,0,0,0,2,2,,[],12571248.682251573,"{""dragonFang"":6563980.942597914,""dragonBlood"":1441078.46825112,""dragonFangStrain"":350256.68238678254,""breakGang"":1756238.1099026103,""breakArmy"":1261941.8485917535,""dragonFangDivine"":55352.95272248696,""bleedTick"":1142399.6777989056}"
80,雷→龙牙,dragonFang,96.1825,96.1825,97.4,2,2,1,2,1,1,1,1,0,0,2,2,,"[{""action"":""thunder"",""seconds"":96.1825,""rageBefore"":2,""rageAfter"":null,""mounted"":true,""thunder"":null,""orange"":null,""ride"":false,""reason"":null,""dragonRideStacksAtStart"":2,""chargeReadyAtStart"":false,""breakArmyWindow"":null,""activeUntilSeconds"":114.1825}]",17296826.92224071,"{""dragonFang"":9391993.333778162,""dragonBlood"":2061949.8267325847,""dragonFangStrain"":564636.1597970189,""breakGang"":2831168.0888061924,""breakArmy"":2034330.9210276685,""dragonFangDivine"":89232.49785178235,""autoAttack"":323516.0942473035}"
81,龙牙,dragonFang,97.4,97.4,98.6175,1,1,0,1,0,1,1,1,0,0,2,2,,[],18681406.38931886,"{""dragonFang"":9017228.609064838,""dragonBlood"":1979672.7177392307,""dragonFangStrain"":564636.1597970189,""breakGang"":2831168.0888061924,""breakArmy"":2034330.9210276685,""dragonFangDivine"":89232.49785178235,""bleedTick"":1841621.3007848305,""autoAttack"":323516.0942473035}"
82,断魂刺+下马+突→龙牙,dragonFang,98.6175,98.6175,99.835,0,3,2,0,1,1,0,1,0,0,2,2,,"[{""action"":""charge"",""seconds"":98.6175,""rageBefore"":0,""rageAfter"":3,""mounted"":true,""thunder"":true,""orange"":false,""ride"":false,""reason"":null,""dragonRideStacksAtStart"":null,""chargeReadyAtStart"":null,""breakArmyWindow"":null,""activeUntilSeconds"":null},{""action"":""dismount"",""seconds"":98.6175,""rageBefore"":null,""rageAfter"":null,""mounted"":true,""thunder"":true,""orange"":false,""ride"":false,""reason"":""free-search"",""dragonRideStacksAtStart"":0,""chargeReadyAtStart"":null,""breakArmyWindow"":null,""activeUntilSeconds"":null},{""action"":""dash"",""seconds"":98.6175,""rageBefore"":null,""rageAfter"":null,""mounted"":false,""thunder"":true,""orange"":false,""ride"":false,""reason"":null,""dragonRideStacksAtStart"":null,""chargeReadyAtStart"":null,""breakArmyWindow"":true,""activeUntilSeconds"":null}]",19975318.83470395,"{""charge"":251523.390704524,""breakArmy"":5085827.302569171,""dash"":102098.60932023358,""dragonFang"":6739855.178250027,""dragonBlood"":2145840.212372868,""dragonFangStrain"":564636.1597970189,""breakGang"":2831168.0888061924,""dragonFangDivine"":89232.49785178235,""bleedTick"":1841621.3007848305,""autoAttack"":323516.0942473035}"
83,龙牙,dragonFang,99.835,99.835,101.0525,2,2,1,1,2,0,0,1,0,0,2,2,,[],16222819.316041209,"{""dragonFang"":6476364.42679383,""dragonBlood"":2061949.8267325847,""dragonFangStrain"":564636.1597970189,""breakGang"":2831168.0888061924,""breakArmy"":2034330.9210276685,""dragonFangDivine"":89232.49785178235,""autoAttack"":323516.0942473035,""bleedTick"":1841621.3007848305}"
84,灭·正常,destroy,101.0525,101.0525,102.27,1,1,4,2,2,0,0,1,0,0,2,2,normal,[],7767473.494460676,"{""destroy"":2991465.168838436,""breakArmy"":1017165.4605138343,""destroyPoLouLan"":2870690.6110640825,""destroyStrain"":564636.1597970189,""autoAttack"":323516.0942473035}"
85,龙牙,dragonFang,102.27,102.27,103.4875,4,4,3,2,3,0,0,1,0,0,2,2,,[],16587385.089504238,"{""dragonFang"":6998278.799870527,""dragonBlood"":2228117.3213662216,""dragonFangStrain"":564636.1597970189,""breakGang"":2831168.0888061924,""breakArmy"":2034330.9210276685,""dragonFangDivine"":89232.49785178235,""bleedTick"":1841621.3007848305}"
86,龙牙,dragonFang,103.4875,103.4875,104.705,3,3,2,3,4,0,0,1,0,0,2,2,,[],16570200.453137688,"{""dragonFang"":6739855.178250027,""dragonBlood"":2145840.212372868,""dragonFangStrain"":564636.1597970189,""breakGang"":2831168.0888061924,""breakArmy"":2034330.9210276685,""dragonFangDivine"":89232.49785178235,""autoAttack"":323516.0942473035,""bleedTick"":1841621.3007848305}"
87,龙牙,dragonFang,104.705,104.705,105.9225,2,2,1,4,5,0,0,1,0,0,2,2,,[],16222819.316041209,"{""dragonFang"":6476364.42679383,""dragonBlood"":2061949.8267325847,""dragonFangStrain"":564636.1597970189,""breakGang"":2831168.0888061924,""breakArmy"":2034330.9210276685,""dragonFangDivine"":89232.49785178235,""autoAttack"":323516.0942473035,""bleedTick"":1841621.3007848305}"
88,龙牙,dragonFang,105.9225,105.9225,107.14,1,1,0,5,6,0,0,1,0,0,2,2,,[],14040497.284642525,"{""dragonFang"":6217940.805173329,""dragonBlood"":1979672.7177392307,""dragonFangStrain"":564636.1597970189,""breakGang"":2831168.0888061924,""breakArmy"":2034330.9210276685,""dragonFangDivine"":89232.49785178235,""autoAttack"":323516.0942473035}"
89,CW→龙牙,dragonFang,107.14,107.14,108.3575,0,5,5,6,7,0,0,1,1,0,2,2,,"[{""action"":""orange"",""seconds"":107.14,""rageBefore"":null,""rageAfter"":5,""mounted"":null,""thunder"":null,""orange"":null,""ride"":null,""reason"":null,""dragonRideStacksAtStart"":null,""chargeReadyAtStart"":null,""breakArmyWindow"":null,""activeUntilSeconds"":null}]",22698754.179886367,"{""dragonFang"":7256702.421491029,""dragonBlood"":2310394.4303595773,""dragonFangStrain"":564636.1597970189,""breakGang"":2831168.0888061924,""breakArmy"":2034330.9210276685,""dragonFangDivine"":89232.49785178235,""orangeExtra"":5447152.265520969,""bleedTick"":1841621.3007848305,""autoAttack"":323516.0942473035}"
90,龙牙,dragonFang,108.3575,108.3575,109.575,5,5,5,7,8,0,0,1,1,0,2,2,,[],22698754.179886367,"{""dragonFang"":7256702.421491029,""dragonBlood"":2310394.4303595773,""dragonFangStrain"":564636.1597970189,""breakGang"":2831168.0888061924,""breakArmy"":2034330.9210276685,""dragonFangDivine"":89232.49785178235,""orangeExtra"":5447152.265520969,""bleedTick"":1841621.3007848305,""autoAttack"":323516.0942473035}"
91,龙牙,dragonFang,109.575,109.575,110.7925,5,5,5,8,9,0,0,1,1,0,2,2,,[],22698754.179886367,"{""dragonFang"":7256702.421491029,""dragonBlood"":2310394.4303595773,""dragonFangStrain"":564636.1597970189,""breakGang"":2831168.0888061924,""breakArmy"":2034330.9210276685,""dragonFangDivine"":89232.49785178235,""orangeExtra"":5447152.265520969,""bleedTick"":1841621.3007848305,""autoAttack"":323516.0942473035}"
92,龙牙,dragonFang,110.7925,110.7925,112.01,5,5,5,9,10,0,0,1,1,0,2,2,,[],20533616.784854233,"{""dragonFang"":7256702.421491029,""dragonBlood"":2310394.4303595773,""dragonFangStrain"":564636.1597970189,""breakGang"":2831168.0888061924,""breakArmy"":2034330.9210276685,""dragonFangDivine"":89232.49785178235,""orangeExtra"":5447152.265520969}"
93,龙牙,dragonFang,112.01,112.01,113.2275,5,5,5,10,11,0,0,1,1,0,2,2,,[],22698754.179886367,"{""dragonFang"":7256702.421491029,""dragonBlood"":2310394.4303595773,""dragonFangStrain"":564636.1597970189,""breakGang"":2831168.0888061924,""breakArmy"":2034330.9210276685,""dragonFangDivine"":89232.49785178235,""orangeExtra"":5447152.265520969,""autoAttack"":323516.0942473035,""bleedTick"":1841621.3007848305}"
94,龙牙,dragonFang,113.2275,113.2275,114.445,5,5,4,11,12,0,0,1,0,0,2,2,,[],17251601.9143654,"{""dragonFang"":7256702.421491029,""dragonBlood"":2310394.4303595773,""dragonFangStrain"":564636.1597970189,""breakGang"":2831168.0888061924,""breakArmy"":2034330.9210276685,""dragonFangDivine"":89232.49785178235,""autoAttack"":323516.0942473035,""bleedTick"":1841621.3007848305}"
95,龙牙,dragonFang,114.445,114.445,115.6625,4,4,1,12,13,0,0,0,0,0,0,0,,[],9379318.54970964,"{""dragonFang"":4365085.355465526,""dragonBlood"":1389759.1919222635,""dragonFangStrain"":350256.68238678254,""breakGang"":1756238.1099026103,""breakArmy"":1261941.8485917535,""dragonFangDivine"":55352.95272248696,""autoAttack"":200684.40871821836}"
96,灭·正常→突,destroy,115.6625,115.6625,116.88,1,1,4,13,13,0,0,0,0,0,1,2,normal,"[{""action"":""dash"",""seconds"":116.8175,""rageBefore"":null,""rageAfter"":null,""mounted"":false,""thunder"":false,""orange"":false,""ride"":false,""reason"":null,""dragonRideStacksAtStart"":null,""chargeReadyAtStart"":null,""breakArmyWindow"":true,""activeUntilSeconds"":null}]",5527747.983149924,"{""destroy"":1863380.6496111874,""breakArmy"":1261941.8485917535,""destroyPoLouLan"":1788150.298856523,""destroyStrain"":350256.68238678254,""autoAttack"":200684.40871821836,""dash"":63334.09498545909}"
97,龙牙,dragonFang,116.88,116.88,118.0975,4,4,1,13,14,0,0,0,0,0,1,2,,[],9950518.388609093,"{""dragonFang"":4365085.355465526,""dragonBlood"":1389759.1919222635,""dragonFangStrain"":350256.68238678254,""breakGang"":1756238.1099026103,""breakArmy"":1261941.8485917535,""dragonFangDivine"":55352.95272248696,""bleedTick"":571199.8388994528,""autoAttack"":200684.40871821836}"
98,灭·破楼兰,destroy,118.0975,118.0975,119.315,1,1,4,14,14,0,0,0,0,0,2,2,poLouLanBonus,[],5975842.641667494,"{""destroy"":1863380.6496111874,""breakArmy"":630970.9242958768,""destroyPoLouLan"":1788150.298856523,""destroyStrain"":350256.68238678254,""bleedTick"":1142399.6777989056,""autoAttack"":200684.40871821836}"
99,穿云,cloudStrike,119.315,119.315,120.5325,4,4,5,14,14,0,0,0,0,0,2,2,,[],2896564.9508689684,"{""cloudStrike"":2265594.0265730917,""breakArmy"":630970.9242958768}"
100,龙牙,dragonFang,120.5325,120.5325,121.75,5,5,2,14,15,0,0,0,0,0,2,2,,[],10734225.87579293,"{""dragonFang"":4526273.727421053,""dragonBlood"":1441078.46825112,""dragonFangStrain"":350256.68238678254,""breakGang"":1756238.1099026103,""breakArmy"":1261941.8485917535,""dragonFangDivine"":55352.95272248696,""bleedTick"":1142399.6777989056,""autoAttack"":200684.40871821836}"
101,穿云,cloudStrike,121.75,121.75,122.9675,2,2,3,15,15,0,0,0,0,0,2,2,,[],4070686.622506725,"{""cloudStrike"":2096631.6116937238,""breakArmy"":630970.9242958768,""bleedTick"":1142399.6777989056,""autoAttack"":200684.40871821836}"
102,龙吟,dragonRoar,122.9675,122.9675,124.185,3,3,5,15,15,0,0,0,0,0,2,1,,[],4993688.377399129,"{""dragonRoar"":3209533.180270538,""breakArmy"":630970.9242958768,""autoAttack"":200684.40871821836,""bleedTick"":952499.8641144952}"
103,龙牙,dragonFang,124.185,124.185,125.4025,5,5,2,15,16,0,0,0,0,0,2,1,,[],9591826.197994024,"{""dragonFang"":4526273.727421053,""dragonBlood"":1441078.46825112,""dragonFangStrain"":350256.68238678254,""breakGang"":1756238.1099026103,""breakArmy"":1261941.8485917535,""dragonFangDivine"":55352.95272248696,""autoAttack"":200684.40871821836}"
104,灭·正常,destroy,125.4025,125.4025,126.62,2,2,5,16,16,0,0,0,0,0,2,2,normal,[],6134184.638694813,"{""destroy"":1944182.7617787733,""breakArmy"":630970.9242958768,""destroyPoLouLan"":1865690.183716256,""destroyStrain"":350256.68238678254,""bleedTick"":1142399.6777989056,""autoAttack"":200684.40871821836}"
105,任驰骋→雷,ride,126.62,126.62,127.8375,5,5,5,16,22,0,1,0,0,0,2,2,,"[{""action"":""thunder"",""seconds"":127.775,""rageBefore"":5,""rageAfter"":null,""mounted"":true,""thunder"":null,""orange"":null,""ride"":true,""reason"":null,""dragonRideStacksAtStart"":22,""chargeReadyAtStart"":true,""breakArmyWindow"":null,""activeUntilSeconds"":145.775}]",1142399.6777989056,"{""bleedTick"":1142399.6777989056}"
106,龙牙,dragonFang,127.8375,127.8375,129.055,5,5,4,22,21,1,1,1,0,1,2,2,,[],24669095.75970411,"{""dragonFang"":12777896.140423676,""dragonBlood"":2776182.313681091,""dragonFangStrain"":564636.1597970189,""breakGang"":3453669.2581398995,""breakArmy"":2382931.5758545445,""dragonFangDivine"":108881.35399991347,""autoAttack"":357966.6480718725,""bleedTick"":2246932.309736091}"
107,龙牙,dragonFang,129.055,129.055,130.2725,4,4,3,21,20,1,1,1,0,1,2,2,,[],21868256.03422845,"{""dragonFang"":12322853.33923073,""dragonBlood"":2677317.699134469,""dragonFangStrain"":564636.1597970189,""breakGang"":3453669.2581398995,""breakArmy"":2382931.5758545445,""dragonFangDivine"":108881.35399991347,""autoAttack"":357966.6480718725}"
108,龙牙,dragonFang,130.2725,130.2725,131.49,3,3,2,20,19,1,1,1,0,1,2,2,,[],23561280.928224973,"{""dragonFang"":11867810.538037783,""dragonBlood"":2578453.084587848,""dragonFangStrain"":564636.1597970189,""breakGang"":3453669.2581398995,""breakArmy"":2382931.5758545445,""dragonFangDivine"":108881.35399991347,""bleedTick"":2246932.309736091,""autoAttack"":357966.6480718725}"
109,灭·破楼兰,destroy,131.49,131.49,132.7075,2,2,5,19,19,1,1,1,0,1,2,2,poLouLanBonus,[],11777921.948453154,"{""destroy"":3771466.384845193,""breakArmy"":1191465.7879272723,""destroyPoLouLan"":3645454.658075708,""destroyStrain"":564636.1597970189,""bleedTick"":2246932.309736091,""autoAttack"":357966.6480718725}"
110,龙牙,dragonFang,132.7075,132.7075,133.925,5,5,4,19,18,1,1,1,0,1,2,2,,[],24669095.75970411,"{""dragonFang"":12777896.140423676,""dragonBlood"":2776182.313681091,""dragonFangStrain"":564636.1597970189,""breakGang"":3453669.2581398995,""breakArmy"":2382931.5758545445,""dragonFangDivine"":108881.35399991347,""bleedTick"":2246932.309736091,""autoAttack"":357966.6480718725}"
111,龙牙,dragonFang,133.925,133.925,135.1425,4,4,3,18,17,1,1,1,0,1,2,2,,[],21868256.03422845,"{""dragonFang"":12322853.33923073,""dragonBlood"":2677317.699134469,""dragonFangStrain"":564636.1597970189,""breakGang"":3453669.2581398995,""breakArmy"":2382931.5758545445,""dragonFangDivine"":108881.35399991347,""autoAttack"":357966.6480718725}"
112,龙牙,dragonFang,135.1425,135.1425,136.36,3,3,2,17,16,1,1,1,0,1,2,2,,[],23203314.2801531,"{""dragonFang"":11867810.538037783,""dragonBlood"":2578453.084587848,""dragonFangStrain"":564636.1597970189,""breakGang"":3453669.2581398995,""breakArmy"":2382931.5758545445,""dragonFangDivine"":108881.35399991347,""bleedTick"":2246932.309736091}"
113,断魂刺→龙牙,dragonFang,136.36,136.36,137.5775,2,5,4,16,15,1,1,1,0,1,2,2,,"[{""action"":""charge"",""seconds"":136.36,""rageBefore"":2,""rageAfter"":5,""mounted"":true,""thunder"":true,""orange"":false,""ride"":true,""reason"":null,""dragonRideStacksAtStart"":null,""chargeReadyAtStart"":null,""breakArmyWindow"":null,""activeUntilSeconds"":null}]",27325957.018804662,"{""charge"":273929.6832460043,""breakArmy"":4765863.151709089,""dragonFang"":12777896.140423676,""dragonBlood"":2776182.313681091,""dragonFangStrain"":564636.1597970189,""breakGang"":3453669.2581398995,""dragonFangDivine"":108881.35399991347,""autoAttack"":357966.6480718725,""bleedTick"":2246932.309736091}"
114,龙牙,dragonFang,137.5775,137.5775,138.795,4,4,3,15,14,1,1,1,0,1,2,2,,[],24115188.343964543,"{""dragonFang"":12322853.33923073,""dragonBlood"":2677317.699134469,""dragonFangStrain"":564636.1597970189,""breakGang"":3453669.2581398995,""breakArmy"":2382931.5758545445,""dragonFangDivine"":108881.35399991347,""autoAttack"":357966.6480718725,""bleedTick"":2246932.309736091}"
115,龙牙,dragonFang,138.795,138.795,140.0125,3,3,2,14,13,1,1,1,0,1,2,2,,[],21314348.61848888,"{""dragonFang"":11867810.538037783,""dragonBlood"":2578453.084587848,""dragonFangStrain"":564636.1597970189,""breakGang"":3453669.2581398995,""breakArmy"":2382931.5758545445,""dragonFangDivine"":108881.35399991347,""autoAttack"":357966.6480718725}"
116,灭·正常,destroy,140.0125,140.0125,141.23,2,2,5,13,13,1,1,1,0,1,2,2,normal,[],11777921.948453154,"{""destroy"":3771466.384845193,""breakArmy"":1191465.7879272723,""destroyPoLouLan"":3645454.658075708,""destroyStrain"":564636.1597970189,""bleedTick"":2246932.309736091,""autoAttack"":357966.6480718725}"
117,龙牙,dragonFang,141.23,141.23,142.4475,5,5,4,13,12,1,1,1,0,1,2,2,,[],24634645.20587954,"{""dragonFang"":12777896.140423676,""dragonBlood"":2776182.313681091,""dragonFangStrain"":564636.1597970189,""breakGang"":3453669.2581398995,""breakArmy"":2382931.5758545445,""dragonFangDivine"":108881.35399991347,""bleedTick"":2246932.309736091,""autoAttack"":323516.0942473035}"
118,龙牙,dragonFang,142.4475,142.4475,143.665,4,4,3,12,11,1,1,1,0,0,2,2,,[],19737977.400774077,"{""dragonFang"":10148871.111140365,""dragonBlood"":2228117.3213662216,""dragonFangStrain"":564636.1597970189,""breakGang"":2831168.0888061924,""breakArmy"":2034330.9210276685,""dragonFangDivine"":89232.49785178235,""bleedTick"":1841621.3007848305}"
119,龙牙,dragonFang,143.665,143.665,144.8825,3,3,2,11,10,1,1,1,0,0,2,2,,[],17762830.360529874,"{""dragonFang"":9774106.386427041,""dragonBlood"":2145840.212372868,""dragonFangStrain"":564636.1597970189,""breakGang"":2831168.0888061924,""breakArmy"":2034330.9210276685,""dragonFangDivine"":89232.49785178235,""autoAttack"":323516.0942473035}"
120,下马+突→龙牙,dragonFang,144.8825,144.8825,146.1,2,2,1,10,11,1,0,1,0,0,2,2,,"[{""action"":""dismount"",""seconds"":144.8825,""rageBefore"":null,""rageAfter"":null,""mounted"":true,""thunder"":true,""orange"":false,""ride"":false,""reason"":""free-search"",""dragonRideStacksAtStart"":10,""chargeReadyAtStart"":null,""breakArmyWindow"":null,""activeUntilSeconds"":null},{""action"":""dash"",""seconds"":144.8825,""rageBefore"":null,""rageAfter"":null,""mounted"":false,""thunder"":true,""orange"":false,""ride"":false,""reason"":null,""dragonRideStacksAtStart"":null,""chargeReadyAtStart"":null,""breakArmyWindow"":true,""activeUntilSeconds"":null}]",17342083.385875277,"{""dash"":102098.60932023358,""breakArmy"":3051496.3815415027,""dragonFang"":6476364.42679383,""dragonBlood"":2061949.8267325847,""dragonFangStrain"":564636.1597970189,""breakGang"":2831168.0888061924,""dragonFangDivine"":89232.49785178235,""bleedTick"":1841621.3007848305,""autoAttack"":323516.0942473035}"
121,任驰骋→断魂刺,ride,146.1,146.1,147.3175,1,1,4,11,17,0,1,0,0,0,2,2,,"[{""action"":""charge"",""seconds"":147.255,""rageBefore"":1,""rageAfter"":4,""mounted"":true,""thunder"":false,""orange"":false,""ride"":true,""reason"":null,""dragonRideStacksAtStart"":null,""chargeReadyAtStart"":null,""breakArmyWindow"":null,""activeUntilSeconds"":null}]",2991195.6961403256,"{""bleedTick"":1142399.6777989056,""autoAttack"":200684.40871821836,""charge"":169924.82751281673,""breakArmy"":1478186.7821103851}"
122,龙牙,dragonFang,147.3175,147.3175,148.535,4,4,1,17,16,1,1,0,0,1,2,2,,[],15010414.573543468,"{""dragonFang"":7686219.452934723,""dragonBlood"":1669942.0835644247,""dragonFangStrain"":350256.68238678254,""breakGang"":2142389.7769001666,""breakArmy"":1478186.7821103851,""dragonFangDivine"":67541.58614195058,""autoAttack"":222054.87265258387,""bleedTick"":1393823.3368524497}"
123,灭·正常,destroy,148.535,148.535,149.7525,1,1,4,16,16,1,1,0,0,1,2,2,normal,[],5739386.2608757345,"{""destroy"":2251605.8327679196,""breakArmy"":739093.3910551926,""destroyPoLouLan"":2176375.4820132554,""destroyStrain"":350256.68238678254,""autoAttack"":222054.87265258387}"
124,龙牙,dragonFang,149.7525,149.7525,150.97,4,4,1,16,15,1,1,0,0,1,2,2,,[],15010414.573543468,"{""dragonFang"":7686219.452934723,""dragonBlood"":1669942.0835644247,""dragonFangStrain"":350256.68238678254,""breakGang"":2142389.7769001666,""breakArmy"":1478186.7821103851,""dragonFangDivine"":67541.58614195058,""bleedTick"":1393823.3368524497,""autoAttack"":222054.87265258387}"
125,龙吟,dragonRoar,150.97,150.97,152.1875,1,1,3,15,15,1,1,0,0,1,2,1,,[],5501956.433818173,"{""dragonRoar"":3600756.3443855518,""breakArmy"":739093.3910551926,""bleedTick"":1162106.698377429}"
126,龙牙,dragonFang,152.1875,152.1875,153.405,3,3,0,15,14,1,1,0,0,1,2,1,,[],14433205.3907055,"{""dragonFang"":7402392.425689955,""dragonBlood"":1608276.5664462459,""dragonFangStrain"":350256.68238678254,""breakGang"":2142389.7769001666,""breakArmy"":1478186.7821103851,""dragonFangDivine"":67541.58614195058,""autoAttack"":222054.87265258387,""bleedTick"":1162106.698377429}"
127,灭·破楼兰,destroy,153.405,153.405,154.6225,0,0,3,14,14,1,1,0,0,1,2,2,poLouLanBonus,[],5547374.906165373,"{""destroy"":2153969.0417588134,""breakArmy"":739093.3910551926,""destroyPoLouLan"":2082000.9183120006,""destroyStrain"":350256.68238678254,""autoAttack"":222054.87265258387}"
128,雷→龙牙,dragonFang,154.6225,154.6225,155.84,3,3,2,14,13,1,1,1,0,1,2,2,,"[{""action"":""thunder"",""seconds"":154.6225,""rageBefore"":3,""rageAfter"":null,""mounted"":true,""thunder"":null,""orange"":null,""ride"":true,""reason"":null,""dragonRideStacksAtStart"":14,""chargeReadyAtStart"":false,""breakArmyWindow"":null,""activeUntilSeconds"":172.6225}]",23561280.928224973,"{""dragonFang"":11867810.538037783,""dragonBlood"":2578453.084587848,""dragonFangStrain"":564636.1597970189,""breakGang"":3453669.2581398995,""breakArmy"":2382931.5758545445,""dragonFangDivine"":108881.35399991347,""bleedTick"":2246932.309736091,""autoAttack"":357966.6480718725}"
129,龙牙,dragonFang,155.84,155.84,157.0575,2,2,1,13,12,1,1,1,0,1,2,2,,[],22996512.582765024,"{""dragonFang"":11403845.32897831,""dragonBlood"":2477649.94818737,""dragonFangStrain"":564636.1597970189,""breakGang"":3453669.2581398995,""breakArmy"":2382931.5758545445,""dragonFangDivine"":108881.35399991347,""bleedTick"":2246932.309736091,""autoAttack"":357966.6480718725}"
130,龙牙,dragonFang,157.0575,157.0575,158.275,1,1,0,12,11,1,1,1,0,1,2,2,,[],22442605.167025454,"{""dragonFang"":10948802.527785365,""dragonBlood"":2378785.3336407477,""dragonFangStrain"":564636.1597970189,""breakGang"":3453669.2581398995,""breakArmy"":2382931.5758545445,""dragonFangDivine"":108881.35399991347,""bleedTick"":2246932.309736091,""autoAttack"":357966.6480718725}"
131,CW→龙牙,dragonFang,158.275,158.275,159.4925,0,5,5,11,10,1,1,1,1,1,2,2,,"[{""action"":""orange"",""seconds"":158.275,""rageBefore"":null,""rageAfter"":5,""mounted"":null,""thunder"":null,""orange"":null,""ride"":null,""reason"":null,""dragonRideStacksAtStart"":null,""chargeReadyAtStart"":null,""breakArmyWindow"":null,""activeUntilSeconds"":null}]",28709398.376336757,"{""dragonFang"":12777896.140423676,""dragonBlood"":2776182.313681091,""dragonFangStrain"":564636.1597970189,""breakGang"":3453669.2581398995,""breakArmy"":2382931.5758545445,""dragonFangDivine"":108881.35399991347,""orangeExtra"":6645201.574440612}"
132,龙牙,dragonFang,159.4925,159.4925,160.71,5,5,5,10,9,1,1,1,1,1,2,2,,[],31314297.334144723,"{""dragonFang"":12777896.140423676,""dragonBlood"":2776182.313681091,""dragonFangStrain"":564636.1597970189,""breakGang"":3453669.2581398995,""breakArmy"":2382931.5758545445,""dragonFangDivine"":108881.35399991347,""orangeExtra"":6645201.574440612,""bleedTick"":2246932.309736091,""autoAttack"":357966.6480718725}"
133,龙牙,dragonFang,160.71,160.71,161.9275,5,5,5,9,8,1,1,1,1,1,2,2,,[],31314297.334144723,"{""dragonFang"":12777896.140423676,""dragonBlood"":2776182.313681091,""dragonFangStrain"":564636.1597970189,""breakGang"":3453669.2581398995,""breakArmy"":2382931.5758545445,""dragonFangDivine"":108881.35399991347,""orangeExtra"":6645201.574440612,""autoAttack"":357966.6480718725,""bleedTick"":2246932.309736091}"
134,龙牙,dragonFang,161.9275,161.9275,163.145,5,5,5,8,7,1,1,1,1,0,2,2,,[],25965687.59424903,"{""dragonFang"":10523635.835853688,""dragonBlood"":2310394.4303595773,""dragonFangStrain"":564636.1597970189,""breakGang"":2831168.0888061924,""breakArmy"":2034330.9210276685,""dragonFangDivine"":89232.49785178235,""orangeExtra"":5447152.265520969,""autoAttack"":323516.0942473035,""bleedTick"":1841621.3007848305}"
135,龙牙,dragonFang,163.145,163.145,164.3625,5,5,5,7,6,1,1,1,1,0,2,2,,[],24124066.2934642,"{""dragonFang"":10523635.835853688,""dragonBlood"":2310394.4303595773,""dragonFangStrain"":564636.1597970189,""breakGang"":2831168.0888061924,""breakArmy"":2034330.9210276685,""dragonFangDivine"":89232.49785178235,""orangeExtra"":5447152.265520969,""autoAttack"":323516.0942473035}"
136,龙牙,dragonFang,164.3625,164.3625,165.58,5,5,4,6,5,1,1,1,0,0,2,2,,[],20518535.32872806,"{""dragonFang"":10523635.835853688,""dragonBlood"":2310394.4303595773,""dragonFangStrain"":564636.1597970189,""breakGang"":2831168.0888061924,""breakArmy"":2034330.9210276685,""dragonFangDivine"":89232.49785178235,""bleedTick"":1841621.3007848305,""autoAttack"":323516.0942473035}"
137,龙牙,dragonFang,165.58,165.58,166.7975,4,4,3,5,4,1,1,1,0,0,2,2,,[],20061493.49502138,"{""dragonFang"":10148871.111140365,""dragonBlood"":2228117.3213662216,""dragonFangStrain"":564636.1597970189,""breakGang"":2831168.0888061924,""breakArmy"":2034330.9210276685,""dragonFangDivine"":89232.49785178235,""bleedTick"":1841621.3007848305,""autoAttack"":323516.0942473035}"
138,灭·正常,destroy,166.7975,166.7975,168.015,3,3,5,4,4,1,1,1,0,0,2,2,normal,[],9798966.491403362,"{""destroy"":3253447.5778302182,""breakArmy"":1017165.4605138343,""destroyPoLouLan"":3122095.99247746,""destroyStrain"":564636.1597970189,""bleedTick"":1841621.3007848305}"
139,龙牙,dragonFang,168.015,168.015,169.2325,5,5,4,4,3,1,1,1,0,0,2,2,,[],18676914.02794323,"{""dragonFang"":10523635.835853688,""dragonBlood"":2310394.4303595773,""dragonFangStrain"":564636.1597970189,""breakGang"":2831168.0888061924,""breakArmy"":2034330.9210276685,""dragonFangDivine"":89232.49785178235,""autoAttack"":323516.0942473035}"
140,龙牙,dragonFang,169.2325,169.2325,170.45,4,4,3,3,2,1,1,1,0,0,2,2,,[],20061493.49502138,"{""dragonFang"":10148871.111140365,""dragonBlood"":2228117.3213662216,""dragonFangStrain"":564636.1597970189,""breakGang"":2831168.0888061924,""breakArmy"":2034330.9210276685,""dragonFangDivine"":89232.49785178235,""bleedTick"":1841621.3007848305,""autoAttack"":323516.0942473035}"
141,断魂刺→龙牙,dragonFang,170.45,170.45,171.6675,3,5,4,2,1,1,1,1,0,0,2,2,,"[{""action"":""charge"",""seconds"":170.45,""rageBefore"":3,""rageAfter"":5,""mounted"":true,""thunder"":true,""orange"":false,""ride"":false,""reason"":null,""dragonRideStacksAtStart"":null,""chargeReadyAtStart"":null,""breakArmyWindow"":null,""activeUntilSeconds"":null}]",22804389.640460253,"{""charge"":251523.390704524,""breakArmy"":4068661.842055337,""dragonFang"":10523635.835853688,""dragonBlood"":2310394.4303595773,""dragonFangStrain"":564636.1597970189,""breakGang"":2831168.0888061924,""dragonFangDivine"":89232.49785178235,""bleedTick"":1841621.3007848305,""autoAttack"":323516.0942473035}"
142,龙牙,dragonFang,171.6675,171.6675,172.885,4,4,3,1,0,1,1,1,0,0,2,2,,[],20061493.49502138,"{""dragonFang"":10148871.111140365,""dragonBlood"":2228117.3213662216,""dragonFangStrain"":564636.1597970189,""breakGang"":2831168.0888061924,""breakArmy"":2034330.9210276685,""dragonFangDivine"":89232.49785178235,""autoAttack"":323516.0942473035,""bleedTick"":1841621.3007848305}"
143,下马+突→任驰骋→断魂刺,ride,172.885,172.885,174.1025,3,3,5,0,6,1,1,0,0,0,2,2,,"[{""action"":""dismount"",""seconds"":172.885,""rageBefore"":null,""rageAfter"":null,""mounted"":true,""thunder"":false,""orange"":false,""ride"":false,""reason"":""refresh-ride"",""dragonRideStacksAtStart"":0,""chargeReadyAtStart"":null,""breakArmyWindow"":null,""activeUntilSeconds"":null},{""action"":""dash"",""seconds"":172.885,""rageBefore"":null,""rageAfter"":null,""mounted"":false,""thunder"":false,""orange"":false,""ride"":false,""reason"":null,""dragonRideStacksAtStart"":null,""chargeReadyAtStart"":null,""breakArmyWindow"":true,""activeUntilSeconds"":null},{""action"":""charge"",""seconds"":174.04,""rageBefore"":3,""rageAfter"":5,""mounted"":true,""thunder"":false,""orange"":false,""ride"":true,""reason"":null,""dragonRideStacksAtStart"":null,""chargeReadyAtStart"":null,""breakArmyWindow"":null,""activeUntilSeconds"":null}]",2564471.5015571215,"{""dash"":63334.09498545909,""breakArmy"":2109157.706406262,""autoAttack"":222054.87265258387,""charge"":169924.82751281673}"
144,龙牙,dragonFang,174.1025,174.1025,175.32,5,5,2,6,5,1,1,0,0,1,2,2,,[],15133852.245253831,"{""dragonFang"":7970046.480179491,""dragonBlood"":1731607.6006826034,""dragonFangStrain"":350256.68238678254,""breakGang"":2142389.7769001666,""breakArmy"":1478186.7821103851,""dragonFangDivine"":67541.58614195058,""bleedTick"":1393823.3368524497}"
145,灭·正常,destroy,175.32,175.32,176.5375,2,2,5,5,5,1,1,0,0,1,2,2,normal,[],7325220.952438546,"{""destroy"":2349242.6237770272,""breakArmy"":739093.3910551926,""destroyPoLouLan"":2270750.04571451,""destroyStrain"":350256.68238678254,""autoAttack"":222054.87265258387,""bleedTick"":1393823.3368524497}"
146,龙牙,dragonFang,176.5375,176.5375,177.755,5,5,2,5,4,1,1,0,0,1,2,2,,[],15355907.117906416,"{""dragonFang"":7970046.480179491,""dragonBlood"":1731607.6006826034,""dragonFangStrain"":350256.68238678254,""breakGang"":2142389.7769001666,""breakArmy"":1478186.7821103851,""dragonFangDivine"":67541.58614195058,""autoAttack"":222054.87265258387,""bleedTick"":1393823.3368524497}"
147,灭·破楼兰,destroy,177.755,177.755,178.9725,2,2,5,4,4,1,1,0,0,1,2,2,poLouLanBonus,[],5931397.615586096,"{""destroy"":2349242.6237770272,""breakArmy"":739093.3910551926,""destroyPoLouLan"":2270750.04571451,""destroyStrain"":350256.68238678254,""autoAttack"":222054.87265258387}"
148,龙牙,dragonFang,178.9725,178.9725,180,5,5,2,4,3,1,1,0,0,1,2,2,,[],15355907.117906416,"{""dragonFang"":7970046.480179491,""dragonBlood"":1731607.6006826034,""dragonFangStrain"":350256.68238678254,""breakGang"":2142389.7769001666,""breakArmy"":1478186.7821103851,""dragonFangDivine"":67541.58614195058,""bleedTick"":1393823.3368524497,""autoAttack"":222054.87265258387}"
