行号,技能,开始秒,施展秒,结束秒,本行起始战意,主要技能前战意,主要技能后战意,龙驭前,龙驭后,施展前马上,结算后马上,激雷,橙武,驰骋,流血层数,流血品质,灭来源,非GCD动作JSON,本行伤害,伤害明细JSON
1,龙牙,0,0,1.2175,5,5,2,0,1,0,0,0,0,0,0,0,,[],8150747.729742905,"{""autoAttack"":200684.40871821836,""dragonFang"":4526273.727421053,""dragonFangStrain"":350256.68238678254,""breakGang"":1756238.1099026103,""breakArmy"":1261941.8485917535,""dragonFangDivine"":55352.95272248696}"
2,灭·正常,1.2175,1.2175,2.435,2,2,5,1,1,0,0,0,0,0,1,2,normal,[],4991784.960895907,"{""destroy"":1944182.7617787733,""breakArmy"":630970.9242958768,""destroyPoLouLan"":1865690.183716256,""destroyStrain"":350256.68238678254,""autoAttack"":200684.40871821836}"
3,任驰骋→雷+CW,2.435,2.435,3.6525,5,5,5,1,7,0,1,0,0,0,1,2,,"[{""action"":""thunder"",""seconds"":3.59,""rageBefore"":5,""rageAfter"":null,""mounted"":true,""thunder"":null,""orange"":null,""reason"":null,""dragonRideStacksAtStart"":7,""chargeReadyAtStart"":true},{""action"":""orange"",""seconds"":3.59,""rageBefore"":null,""rageAfter"":5,""mounted"":null,""thunder"":null,""orange"":null,""reason"":null,""dragonRideStacksAtStart"":null,""chargeReadyAtStart"":null}]",771884.2476176711,"{""bleedTick"":571199.8388994528,""autoAttack"":200684.40871821836}"
4,龙牙,3.6525,3.6525,4.87,5,5,5,7,6,1,1,1,1,1,1,2,,[],30190831.179276675,"{""dragonFang"":12777896.140423676,""dragonBlood"":2776182.313681091,""dragonFangStrain"":564636.1597970189,""breakGang"":3453669.2581398995,""breakArmy"":2382931.5758545445,""dragonFangDivine"":108881.35399991347,""orangeExtra"":6645201.574440612,""autoAttack"":357966.6480718725,""bleedTick"":1123466.1548680456}"
5,龙牙,4.87,4.87,6.0875,5,5,5,6,5,1,1,1,1,1,1,2,,[],29067365.02440863,"{""dragonFang"":12777896.140423676,""dragonBlood"":2776182.313681091,""dragonFangStrain"":564636.1597970189,""breakGang"":3453669.2581398995,""breakArmy"":2382931.5758545445,""dragonFangDivine"":108881.35399991347,""orangeExtra"":6645201.574440612,""autoAttack"":357966.6480718725}"
6,龙牙,6.0875,6.0875,7.305,5,5,5,5,4,1,1,1,1,1,1,2,,[],30190831.179276675,"{""dragonFang"":12777896.140423676,""dragonBlood"":2776182.313681091,""dragonFangStrain"":564636.1597970189,""breakGang"":3453669.2581398995,""breakArmy"":2382931.5758545445,""dragonFangDivine"":108881.35399991347,""orangeExtra"":6645201.574440612,""bleedTick"":1123466.1548680456,""autoAttack"":357966.6480718725}"
7,龙牙,7.305,7.305,8.5225,5,5,5,4,3,1,1,1,1,1,1,2,,[],29832864.5312048,"{""dragonFang"":12777896.140423676,""dragonBlood"":2776182.313681091,""dragonFangStrain"":564636.1597970189,""breakGang"":3453669.2581398995,""breakArmy"":2382931.5758545445,""dragonFangDivine"":108881.35399991347,""orangeExtra"":6645201.574440612,""bleedTick"":1123466.1548680456}"
8,龙牙,8.5225,8.5225,9.74,5,5,5,3,2,1,1,1,1,1,1,2,,[],30190831.179276675,"{""dragonFang"":12777896.140423676,""dragonBlood"":2776182.313681091,""dragonFangStrain"":564636.1597970189,""breakGang"":3453669.2581398995,""breakArmy"":2382931.5758545445,""dragonFangDivine"":108881.35399991347,""orangeExtra"":6645201.574440612,""autoAttack"":357966.6480718725,""bleedTick"":1123466.1548680456}"
9,龙牙,9.74,9.74,10.9575,5,5,4,2,1,1,1,1,0,1,1,2,,[],22422163.449968018,"{""dragonFang"":12777896.140423676,""dragonBlood"":2776182.313681091,""dragonFangStrain"":564636.1597970189,""breakGang"":3453669.2581398995,""breakArmy"":2382931.5758545445,""dragonFangDivine"":108881.35399991347,""autoAttack"":357966.6480718725}"
10,龙牙,10.9575,10.9575,12.175,4,4,3,1,0,1,1,1,0,1,1,2,,[],22991722.189096496,"{""dragonFang"":12322853.33923073,""dragonBlood"":2677317.699134469,""dragonFangStrain"":564636.1597970189,""breakGang"":3453669.2581398995,""breakArmy"":2382931.5758545445,""dragonFangDivine"":108881.35399991347,""bleedTick"":1123466.1548680456,""autoAttack"":357966.6480718725}"
11,龙牙,12.175,12.175,13.3925,3,3,2,0,0,1,1,1,0,1,1,2,,[],18753598.84201994,"{""dragonFang"":8183594.6067008,""dragonBlood"":2578453.084587848,""dragonFangStrain"":564636.1597970189,""breakGang"":3453669.2581398995,""breakArmy"":2382931.5758545445,""dragonFangDivine"":108881.35399991347,""bleedTick"":1123466.1548680456,""autoAttack"":357966.6480718725}"
12,灭·正常,13.3925,13.3925,14.61,2,2,5,0,0,1,1,1,0,0,2,2,normal,[],11777921.948453154,"{""destroy"":3771466.384845193,""breakArmy"":1191465.7879272723,""destroyPoLouLan"":3645454.658075708,""destroyStrain"":564636.1597970189,""bleedTick"":2246932.309736091,""autoAttack"":357966.6480718725}"
13,龙牙,14.61,14.61,15.8275,5,5,4,0,0,1,1,1,0,1,2,2,,[],18455422.627924036,"{""dragonFang"":8811155.318379693,""dragonBlood"":2776182.313681091,""dragonFangStrain"":564636.1597970189,""breakGang"":3453669.2581398995,""breakArmy"":2382931.5758545445,""dragonFangDivine"":108881.35399991347,""autoAttack"":357966.6480718725}"
14,龙牙,15.8275,15.8275,17.045,4,4,3,0,0,1,1,1,0,1,2,2,,[],19931743.31920218,"{""dragonFang"":8497374.962540247,""dragonBlood"":2677317.699134469,""dragonFangStrain"":564636.1597970189,""breakGang"":3453669.2581398995,""breakArmy"":2382931.5758545445,""dragonFangDivine"":108881.35399991347,""bleedTick"":2246932.309736091}"
15,断魂刺→龙牙,17.045,17.045,18.2625,3,5,4,0,0,1,1,1,0,1,2,2,,"[{""action"":""charge"",""seconds"":17.045,""rageBefore"":3,""rageAfter"":5,""mounted"":true,""thunder"":true,""orange"":false,""reason"":null,""dragonRideStacksAtStart"":null,""chargeReadyAtStart"":null}]",23359216.196760677,"{""charge"":273929.6832460043,""breakArmy"":4765863.151709089,""dragonFang"":8811155.318379693,""dragonBlood"":2776182.313681091,""dragonFangStrain"":564636.1597970189,""breakGang"":3453669.2581398995,""dragonFangDivine"":108881.35399991347,""autoAttack"":357966.6480718725,""bleedTick"":2246932.309736091}"
16,龙牙,18.2625,18.2625,19.48,4,4,3,0,0,1,1,1,0,0,2,2,,[],16910901.183751542,"{""dragonFang"":6998278.799870527,""dragonBlood"":2228117.3213662216,""dragonFangStrain"":564636.1597970189,""breakGang"":2831168.0888061924,""breakArmy"":2034330.9210276685,""dragonFangDivine"":89232.49785178235,""autoAttack"":323516.0942473035,""bleedTick"":1841621.3007848305}"
17,龙牙,19.48,19.48,20.6975,3,3,2,0,0,1,1,1,0,0,2,2,,[],14728579.152352858,"{""dragonFang"":6739855.178250027,""dragonBlood"":2145840.212372868,""dragonFangStrain"":564636.1597970189,""breakGang"":2831168.0888061924,""breakArmy"":2034330.9210276685,""dragonFangDivine"":89232.49785178235,""autoAttack"":323516.0942473035}"
18,龙牙,20.6975,20.6975,21.915,2,2,1,0,0,1,1,1,0,0,2,2,,[],16222819.316041209,"{""dragonFang"":6476364.42679383,""dragonBlood"":2061949.8267325847,""dragonFangStrain"":564636.1597970189,""breakGang"":2831168.0888061924,""breakArmy"":2034330.9210276685,""dragonFangDivine"":89232.49785178235,""bleedTick"":1841621.3007848305,""autoAttack"":323516.0942473035}"
19,灭·正常,21.915,21.915,23.1325,1,1,4,0,0,1,1,0,0,0,2,2,normal,[],5975842.641667494,"{""destroy"":1863380.6496111874,""breakArmy"":630970.9242958768,""destroyPoLouLan"":1788150.298856523,""destroyStrain"":350256.68238678254,""bleedTick"":1142399.6777989056,""autoAttack"":200684.40871821836}"
20,下马→任驰骋→雷,23.1325,23.1325,24.35,4,4,4,0,6,1,1,0,0,0,2,2,,"[{""action"":""dismount"",""seconds"":23.1325,""rageBefore"":null,""rageAfter"":null,""mounted"":null,""thunder"":null,""orange"":null,""reason"":""refresh-ride"",""dragonRideStacksAtStart"":null,""chargeReadyAtStart"":null},{""action"":""thunder"",""seconds"":24.2875,""rageBefore"":4,""rageAfter"":null,""mounted"":true,""thunder"":null,""orange"":null,""reason"":null,""dragonRideStacksAtStart"":6,""chargeReadyAtStart"":true}]",1393823.3368524497,"{""bleedTick"":1393823.3368524497}"
21,龙牙,24.35,24.35,25.5675,4,4,3,6,5,1,1,1,0,1,2,2,,[],21868256.03422845,"{""dragonFang"":12322853.33923073,""dragonBlood"":2677317.699134469,""dragonFangStrain"":564636.1597970189,""breakGang"":3453669.2581398995,""breakArmy"":2382931.5758545445,""dragonFangDivine"":108881.35399991347,""autoAttack"":357966.6480718725}"
22,龙牙,25.5675,25.5675,26.785,3,3,2,5,4,1,1,1,0,1,2,2,,[],23561280.928224973,"{""dragonFang"":11867810.538037783,""dragonBlood"":2578453.084587848,""dragonFangStrain"":564636.1597970189,""breakGang"":3453669.2581398995,""breakArmy"":2382931.5758545445,""dragonFangDivine"":108881.35399991347,""bleedTick"":2246932.309736091,""autoAttack"":357966.6480718725}"
23,断魂刺→龙牙,26.785,26.785,28.0025,2,5,4,4,3,1,1,1,0,1,2,2,,"[{""action"":""charge"",""seconds"":26.785,""rageBefore"":2,""rageAfter"":5,""mounted"":true,""thunder"":true,""orange"":false,""reason"":null,""dragonRideStacksAtStart"":null,""chargeReadyAtStart"":null}]",27325957.018804662,"{""charge"":273929.6832460043,""breakArmy"":4765863.151709089,""dragonFang"":12777896.140423676,""dragonBlood"":2776182.313681091,""dragonFangStrain"":564636.1597970189,""breakGang"":3453669.2581398995,""dragonFangDivine"":108881.35399991347,""bleedTick"":2246932.309736091,""autoAttack"":357966.6480718725}"
24,龙牙,28.0025,28.0025,29.22,4,4,3,3,2,1,1,1,0,1,2,2,,[],24115188.343964543,"{""dragonFang"":12322853.33923073,""dragonBlood"":2677317.699134469,""dragonFangStrain"":564636.1597970189,""breakGang"":3453669.2581398995,""breakArmy"":2382931.5758545445,""dragonFangDivine"":108881.35399991347,""autoAttack"":357966.6480718725,""bleedTick"":2246932.309736091}"
25,龙牙,29.22,29.22,30.4375,3,3,2,2,1,1,1,1,0,1,2,2,,[],21314348.61848888,"{""dragonFang"":11867810.538037783,""dragonBlood"":2578453.084587848,""dragonFangStrain"":564636.1597970189,""breakGang"":3453669.2581398995,""breakArmy"":2382931.5758545445,""dragonFangDivine"":108881.35399991347,""autoAttack"":357966.6480718725}"
26,下马→灭·正常,30.4375,30.4375,31.655,2,2,5,1,1,1,0,1,0,0,2,2,normal,"[{""action"":""dismount"",""seconds"":30.4375,""rageBefore"":null,""rageAfter"":null,""mounted"":null,""thunder"":null,""orange"":null,""reason"":""free-search"",""dragonRideStacksAtStart"":null,""chargeReadyAtStart"":null}]",11777921.948453154,"{""destroy"":3771466.384845193,""breakArmy"":1191465.7879272723,""destroyPoLouLan"":3645454.658075708,""destroyStrain"":564636.1597970189,""bleedTick"":2246932.309736091,""autoAttack"":357966.6480718725}"
27,龙牙,31.655,31.655,32.8725,5,5,4,1,2,0,0,1,0,1,2,2,,[],20344388.289588254,"{""dragonFang"":8811155.318379693,""dragonBlood"":2776182.313681091,""dragonFangStrain"":564636.1597970189,""breakGang"":3453669.2581398995,""breakArmy"":2382931.5758545445,""dragonFangDivine"":108881.35399991347,""bleedTick"":2246932.309736091}"
28,龙牙,32.8725,32.8725,34.09,4,4,3,2,3,0,0,1,0,1,2,2,,[],20289709.967274055,"{""dragonFang"":8497374.962540247,""dragonBlood"":2677317.699134469,""dragonFangStrain"":564636.1597970189,""breakGang"":3453669.2581398995,""breakArmy"":2382931.5758545445,""dragonFangDivine"":108881.35399991347,""autoAttack"":357966.6480718725,""bleedTick"":2246932.309736091}"
29,龙牙,34.09,34.09,35.3075,3,3,2,3,4,0,0,1,0,1,2,2,,[],17630132.687151898,"{""dragonFang"":8183594.6067008,""dragonBlood"":2578453.084587848,""dragonFangStrain"":564636.1597970189,""breakGang"":3453669.2581398995,""breakArmy"":2382931.5758545445,""dragonFangDivine"":108881.35399991347,""autoAttack"":357966.6480718725}"
30,灭·破楼兰,35.3075,35.3075,36.525,2,2,5,4,4,0,0,1,0,0,2,2,poLouLanBonus,[],11777921.948453154,"{""destroy"":3771466.384845193,""breakArmy"":1191465.7879272723,""destroyPoLouLan"":3645454.658075708,""destroyStrain"":564636.1597970189,""bleedTick"":2246932.309736091,""autoAttack"":357966.6480718725}"
31,龙牙,36.525,36.525,37.7425,5,5,4,4,5,0,0,1,0,1,2,2,,[],20702354.937660128,"{""dragonFang"":8811155.318379693,""dragonBlood"":2776182.313681091,""dragonFangStrain"":564636.1597970189,""breakGang"":3453669.2581398995,""breakArmy"":2382931.5758545445,""dragonFangDivine"":108881.35399991347,""bleedTick"":2246932.309736091,""autoAttack"":357966.6480718725}"
32,龙牙,37.7425,37.7425,38.96,4,4,3,5,6,0,0,1,0,1,2,2,,[],20255259.413449485,"{""dragonFang"":8497374.962540247,""dragonBlood"":2677317.699134469,""dragonFangStrain"":564636.1597970189,""breakGang"":3453669.2581398995,""breakArmy"":2382931.5758545445,""dragonFangDivine"":108881.35399991347,""bleedTick"":2246932.309736091,""autoAttack"":323516.0942473035}"
33,龙牙,38.96,38.96,40.1775,3,3,2,6,7,0,0,1,0,0,2,2,,[],14405063.058105554,"{""dragonFang"":6739855.178250027,""dragonBlood"":2145840.212372868,""dragonFangStrain"":564636.1597970189,""breakGang"":2831168.0888061924,""breakArmy"":2034330.9210276685,""dragonFangDivine"":89232.49785178235}"
34,龙牙,40.1775,40.1775,41.395,2,2,1,7,8,0,0,1,0,0,2,2,,[],16222819.316041209,"{""dragonFang"":6476364.42679383,""dragonBlood"":2061949.8267325847,""dragonFangStrain"":564636.1597970189,""breakGang"":2831168.0888061924,""breakArmy"":2034330.9210276685,""dragonFangDivine"":89232.49785178235,""bleedTick"":1841621.3007848305,""autoAttack"":323516.0942473035}"
35,龙牙,41.395,41.395,42.6125,1,1,0,8,9,0,0,1,0,0,2,2,,[],15882118.585427355,"{""dragonFang"":6217940.805173329,""dragonBlood"":1979672.7177392307,""dragonFangStrain"":564636.1597970189,""breakGang"":2831168.0888061924,""breakArmy"":2034330.9210276685,""dragonFangDivine"":89232.49785178235,""autoAttack"":323516.0942473035,""bleedTick"":1841621.3007848305}"
36,灭·正常,42.6125,42.6125,43.83,0,0,3,9,9,0,0,0,0,0,2,2,normal,[],5817500.6446401775,"{""destroy"":1782578.5374436032,""breakArmy"":630970.9242958768,""destroyPoLouLan"":1710610.4139967912,""destroyStrain"":350256.68238678254,""autoAttack"":200684.40871821836,""bleedTick"":1142399.6777989056}"
37,灭·破楼兰,43.83,43.83,45.0475,3,3,5,9,9,0,0,0,0,0,2,2,poLouLanBonus,[],5153231.702962975,"{""destroy"":2026569.2290868987,""breakArmy"":630970.9242958768,""destroyPoLouLan"":1944750.4584751984,""destroyStrain"":350256.68238678254,""autoAttack"":200684.40871821836}"
38,任驰骋→雷,45.0475,45.0475,46.265,5,5,5,9,15,0,1,0,0,0,2,2,,"[{""action"":""thunder"",""seconds"":46.2025,""rageBefore"":5,""rageAfter"":null,""mounted"":true,""thunder"":null,""orange"":null,""reason"":null,""dragonRideStacksAtStart"":15,""chargeReadyAtStart"":true}]",1364454.5504514896,"{""bleedTick"":1142399.6777989056,""autoAttack"":222054.87265258387}"
39,龙牙,46.265,46.265,47.4825,5,5,4,15,14,1,1,1,0,1,2,2,,[],24669095.75970411,"{""dragonFang"":12777896.140423676,""dragonBlood"":2776182.313681091,""dragonFangStrain"":564636.1597970189,""breakGang"":3453669.2581398995,""breakArmy"":2382931.5758545445,""dragonFangDivine"":108881.35399991347,""bleedTick"":2246932.309736091,""autoAttack"":357966.6480718725}"
40,龙牙,47.4825,47.4825,48.7,4,4,3,14,13,1,1,1,0,1,2,2,,[],23757221.69589267,"{""dragonFang"":12322853.33923073,""dragonBlood"":2677317.699134469,""dragonFangStrain"":564636.1597970189,""breakGang"":3453669.2581398995,""breakArmy"":2382931.5758545445,""dragonFangDivine"":108881.35399991347,""bleedTick"":2246932.309736091}"
41,龙牙,48.7,48.7,49.9175,3,3,2,13,12,1,1,1,0,1,2,2,,[],21314348.61848888,"{""dragonFang"":11867810.538037783,""dragonBlood"":2578453.084587848,""dragonFangStrain"":564636.1597970189,""breakGang"":3453669.2581398995,""breakArmy"":2382931.5758545445,""dragonFangDivine"":108881.35399991347,""autoAttack"":357966.6480718725}"
42,断魂刺→龙牙,49.9175,49.9175,51.135,2,5,4,12,11,1,1,1,0,1,2,2,,"[{""action"":""charge"",""seconds"":49.9175,""rageBefore"":2,""rageAfter"":5,""mounted"":true,""thunder"":true,""orange"":false,""reason"":null,""dragonRideStacksAtStart"":null,""chargeReadyAtStart"":null}]",27325957.018804662,"{""charge"":273929.6832460043,""breakArmy"":4765863.151709089,""dragonFang"":12777896.140423676,""dragonBlood"":2776182.313681091,""dragonFangStrain"":564636.1597970189,""breakGang"":3453669.2581398995,""dragonFangDivine"":108881.35399991347,""bleedTick"":2246932.309736091,""autoAttack"":357966.6480718725}"
43,龙牙,51.135,51.135,52.3525,4,4,3,11,10,1,1,1,0,1,2,2,,[],24115188.343964543,"{""dragonFang"":12322853.33923073,""dragonBlood"":2677317.699134469,""dragonFangStrain"":564636.1597970189,""breakGang"":3453669.2581398995,""breakArmy"":2382931.5758545445,""dragonFangDivine"":108881.35399991347,""bleedTick"":2246932.309736091,""autoAttack"":357966.6480718725}"
44,龙牙,52.3525,52.3525,53.57,3,3,2,10,9,1,1,1,0,1,2,2,,[],23561280.928224973,"{""dragonFang"":11867810.538037783,""dragonBlood"":2578453.084587848,""dragonFangStrain"":564636.1597970189,""breakGang"":3453669.2581398995,""breakArmy"":2382931.5758545445,""dragonFangDivine"":108881.35399991347,""autoAttack"":357966.6480718725,""bleedTick"":2246932.309736091}"
45,灭·正常,53.57,53.57,54.7875,2,2,5,9,9,1,1,1,0,0,2,2,normal,[],9530989.638717063,"{""destroy"":3771466.384845193,""breakArmy"":1191465.7879272723,""destroyPoLouLan"":3645454.658075708,""destroyStrain"":564636.1597970189,""autoAttack"":357966.6480718725}"
46,龙牙,54.7875,54.7875,56.005,5,5,4,9,8,1,1,1,0,1,2,2,,[],24311129.111632235,"{""dragonFang"":12777896.140423676,""dragonBlood"":2776182.313681091,""dragonFangStrain"":564636.1597970189,""breakGang"":3453669.2581398995,""breakArmy"":2382931.5758545445,""dragonFangDivine"":108881.35399991347,""bleedTick"":2246932.309736091}"
47,CW→龙牙,56.005,56.005,57.2225,4,5,5,8,7,1,1,1,1,1,2,2,,"[{""action"":""orange"",""seconds"":56.005,""rageBefore"":null,""rageAfter"":5,""mounted"":null,""thunder"":null,""orange"":null,""reason"":null,""dragonRideStacksAtStart"":null,""chargeReadyAtStart"":null}]",31314297.334144723,"{""dragonFang"":12777896.140423676,""dragonBlood"":2776182.313681091,""dragonFangStrain"":564636.1597970189,""breakGang"":3453669.2581398995,""breakArmy"":2382931.5758545445,""dragonFangDivine"":108881.35399991347,""orangeExtra"":6645201.574440612,""autoAttack"":357966.6480718725,""bleedTick"":2246932.309736091}"
48,龙牙,57.2225,57.2225,58.44,5,5,5,7,6,1,1,1,1,1,2,2,,[],31314297.334144723,"{""dragonFang"":12777896.140423676,""dragonBlood"":2776182.313681091,""dragonFangStrain"":564636.1597970189,""breakGang"":3453669.2581398995,""breakArmy"":2382931.5758545445,""dragonFangDivine"":108881.35399991347,""orangeExtra"":6645201.574440612,""autoAttack"":357966.6480718725,""bleedTick"":2246932.309736091}"
49,龙牙,58.44,58.44,59.6575,5,5,5,6,5,1,1,1,1,1,2,2,,[],29067365.02440863,"{""dragonFang"":12777896.140423676,""dragonBlood"":2776182.313681091,""dragonFangStrain"":564636.1597970189,""breakGang"":3453669.2581398995,""breakArmy"":2382931.5758545445,""dragonFangDivine"":108881.35399991347,""orangeExtra"":6645201.574440612,""autoAttack"":357966.6480718725}"
50,龙牙,59.6575,59.6575,60.875,5,5,5,5,4,1,1,1,1,1,2,2,,[],31314297.334144723,"{""dragonFang"":12777896.140423676,""dragonBlood"":2776182.313681091,""dragonFangStrain"":564636.1597970189,""breakGang"":3453669.2581398995,""breakArmy"":2382931.5758545445,""dragonFangDivine"":108881.35399991347,""orangeExtra"":6645201.574440612,""bleedTick"":2246932.309736091,""autoAttack"":357966.6480718725}"
51,龙牙,60.875,60.875,62.0925,5,5,5,4,3,1,1,1,1,0,2,2,,[],25965687.59424903,"{""dragonFang"":10523635.835853688,""dragonBlood"":2310394.4303595773,""dragonFangStrain"":564636.1597970189,""breakGang"":2831168.0888061924,""breakArmy"":2034330.9210276685,""dragonFangDivine"":89232.49785178235,""orangeExtra"":5447152.265520969,""bleedTick"":1841621.3007848305,""autoAttack"":323516.0942473035}"
52,龙牙,62.0925,62.0925,63.31,5,5,4,3,2,1,1,1,0,0,2,2,,[],20518535.32872806,"{""dragonFang"":10523635.835853688,""dragonBlood"":2310394.4303595773,""dragonFangStrain"":564636.1597970189,""breakGang"":2831168.0888061924,""breakArmy"":2034330.9210276685,""dragonFangDivine"":89232.49785178235,""bleedTick"":1841621.3007848305,""autoAttack"":323516.0942473035}"
53,龙牙,63.31,63.31,64.5275,4,4,3,2,1,1,1,1,0,0,2,2,,[],17896356.099989247,"{""dragonFang"":10148871.111140365,""dragonBlood"":2228117.3213662216,""dragonFangStrain"":564636.1597970189,""breakGang"":2831168.0888061924,""breakArmy"":2034330.9210276685,""dragonFangDivine"":89232.49785178235}"
54,下马→龙吟,64.5275,64.5275,65.745,3,3,5,1,1,1,0,0,0,0,2,1,,"[{""action"":""dismount"",""seconds"":64.5275,""rageBefore"":null,""rageAfter"":null,""mounted"":null,""thunder"":null,""orange"":null,""reason"":""free-search"",""dragonRideStacksAtStart"":null,""chargeReadyAtStart"":null}]",4993688.377399128,"{""dragonRoar"":3209533.180270538,""breakArmy"":630970.9242958768,""bleedTick"":952499.8641144952,""autoAttack"":200684.40871821836}"
55,龙牙,65.745,65.745,66.9625,5,5,2,1,2,0,0,0,0,0,2,1,,[],10544326.062108519,"{""dragonFang"":4526273.727421053,""dragonBlood"":1441078.46825112,""dragonFangStrain"":350256.68238678254,""breakGang"":1756238.1099026103,""breakArmy"":1261941.8485917535,""dragonFangDivine"":55352.95272248696,""autoAttack"":200684.40871821836,""bleedTick"":952499.8641144952}"
56,灭·正常,66.9625,66.9625,68.18,2,2,5,2,2,0,0,0,0,0,2,2,normal,[],6134184.638694813,"{""destroy"":1944182.7617787733,""breakArmy"":630970.9242958768,""destroyPoLouLan"":1865690.183716256,""destroyStrain"":350256.68238678254,""autoAttack"":200684.40871821836,""bleedTick"":1142399.6777989056}"
57,龙牙,68.18,68.18,69.3975,5,5,2,2,3,0,0,0,0,0,2,2,,[],9591826.197994024,"{""dragonFang"":4526273.727421053,""dragonBlood"":1441078.46825112,""dragonFangStrain"":350256.68238678254,""breakGang"":1756238.1099026103,""breakArmy"":1261941.8485917535,""dragonFangDivine"":55352.95272248696,""autoAttack"":200684.40871821836}"
58,灭·破楼兰,69.3975,69.3975,70.615,2,2,5,3,3,0,0,0,0,0,2,2,poLouLanBonus,[],6134184.638694813,"{""destroy"":1944182.7617787733,""breakArmy"":630970.9242958768,""destroyPoLouLan"":1865690.183716256,""destroyStrain"":350256.68238678254,""bleedTick"":1142399.6777989056,""autoAttack"":200684.40871821836}"
59,任驰骋→雷,70.615,70.615,71.8325,5,5,5,3,9,0,1,0,0,0,2,2,,"[{""action"":""thunder"",""seconds"":71.77,""rageBefore"":5,""rageAfter"":null,""mounted"":true,""thunder"":null,""orange"":null,""reason"":null,""dragonRideStacksAtStart"":9,""chargeReadyAtStart"":true}]",1142399.6777989056,"{""bleedTick"":1142399.6777989056}"
60,龙牙,71.8325,71.8325,73.05,5,5,4,9,8,1,1,1,0,1,2,2,,[],24669095.75970411,"{""dragonFang"":12777896.140423676,""dragonBlood"":2776182.313681091,""dragonFangStrain"":564636.1597970189,""breakGang"":3453669.2581398995,""breakArmy"":2382931.5758545445,""dragonFangDivine"":108881.35399991347,""autoAttack"":357966.6480718725,""bleedTick"":2246932.309736091}"
61,龙牙,73.05,73.05,74.2675,4,4,3,8,7,1,1,1,0,1,2,2,,[],21868256.03422845,"{""dragonFang"":12322853.33923073,""dragonBlood"":2677317.699134469,""dragonFangStrain"":564636.1597970189,""breakGang"":3453669.2581398995,""breakArmy"":2382931.5758545445,""dragonFangDivine"":108881.35399991347,""autoAttack"":357966.6480718725}"
62,龙牙,74.2675,74.2675,75.485,3,3,2,7,6,1,1,1,0,1,2,2,,[],23561280.928224973,"{""dragonFang"":11867810.538037783,""dragonBlood"":2578453.084587848,""dragonFangStrain"":564636.1597970189,""breakGang"":3453669.2581398995,""breakArmy"":2382931.5758545445,""dragonFangDivine"":108881.35399991347,""bleedTick"":2246932.309736091,""autoAttack"":357966.6480718725}"
63,断魂刺→龙牙,75.485,75.485,76.7025,2,5,4,6,5,1,1,1,0,1,2,2,,"[{""action"":""charge"",""seconds"":75.485,""rageBefore"":2,""rageAfter"":5,""mounted"":true,""thunder"":true,""orange"":false,""reason"":null,""dragonRideStacksAtStart"":null,""chargeReadyAtStart"":null}]",27325957.018804662,"{""charge"":273929.6832460043,""breakArmy"":4765863.151709089,""dragonFang"":12777896.140423676,""dragonBlood"":2776182.313681091,""dragonFangStrain"":564636.1597970189,""breakGang"":3453669.2581398995,""dragonFangDivine"":108881.35399991347,""bleedTick"":2246932.309736091,""autoAttack"":357966.6480718725}"
64,龙牙,76.7025,76.7025,77.92,4,4,3,5,4,1,1,1,0,1,2,2,,[],24115188.343964543,"{""dragonFang"":12322853.33923073,""dragonBlood"":2677317.699134469,""dragonFangStrain"":564636.1597970189,""breakGang"":3453669.2581398995,""breakArmy"":2382931.5758545445,""dragonFangDivine"":108881.35399991347,""bleedTick"":2246932.309736091,""autoAttack"":357966.6480718725}"
65,龙牙,77.92,77.92,79.1375,3,3,2,4,3,1,1,1,0,1,2,2,,[],21314348.61848888,"{""dragonFang"":11867810.538037783,""dragonBlood"":2578453.084587848,""dragonFangStrain"":564636.1597970189,""breakGang"":3453669.2581398995,""breakArmy"":2382931.5758545445,""dragonFangDivine"":108881.35399991347,""autoAttack"":357966.6480718725}"
66,灭·正常,79.1375,79.1375,80.355,2,2,5,3,3,1,1,1,0,0,2,2,normal,[],11419955.300381282,"{""destroy"":3771466.384845193,""breakArmy"":1191465.7879272723,""destroyPoLouLan"":3645454.658075708,""destroyStrain"":564636.1597970189,""bleedTick"":2246932.309736091}"
67,龙牙,80.355,80.355,81.5725,5,5,4,3,2,1,1,1,0,1,2,2,,[],24669095.75970411,"{""dragonFang"":12777896.140423676,""dragonBlood"":2776182.313681091,""dragonFangStrain"":564636.1597970189,""breakGang"":3453669.2581398995,""breakArmy"":2382931.5758545445,""dragonFangDivine"":108881.35399991347,""autoAttack"":357966.6480718725,""bleedTick"":2246932.309736091}"
68,龙牙,81.5725,81.5725,82.79,4,4,3,2,1,1,1,1,0,1,2,2,,[],24115188.343964543,"{""dragonFang"":12322853.33923073,""dragonBlood"":2677317.699134469,""dragonFangStrain"":564636.1597970189,""breakGang"":3453669.2581398995,""breakArmy"":2382931.5758545445,""dragonFangDivine"":108881.35399991347,""autoAttack"":357966.6480718725,""bleedTick"":2246932.309736091}"
69,龙牙,82.79,82.79,84.0075,3,3,2,1,0,1,1,1,0,1,2,2,,[],21314348.61848888,"{""dragonFang"":11867810.538037783,""dragonBlood"":2578453.084587848,""dragonFangStrain"":564636.1597970189,""breakGang"":3453669.2581398995,""breakArmy"":2382931.5758545445,""dragonFangDivine"":108881.35399991347,""autoAttack"":357966.6480718725}"
70,灭·破楼兰,84.0075,84.0075,85.225,2,2,5,0,0,1,1,1,0,0,2,2,poLouLanBonus,[],11777921.948453154,"{""destroy"":3771466.384845193,""breakArmy"":1191465.7879272723,""destroyPoLouLan"":3645454.658075708,""destroyStrain"":564636.1597970189,""bleedTick"":2246932.309736091,""autoAttack"":357966.6480718725}"
71,龙牙,85.225,85.225,86.4425,5,5,4,0,0,1,1,1,0,1,2,2,,[],20667904.383835558,"{""dragonFang"":8811155.318379693,""dragonBlood"":2776182.313681091,""dragonFangStrain"":564636.1597970189,""breakGang"":3453669.2581398995,""breakArmy"":2382931.5758545445,""dragonFangDivine"":108881.35399991347,""bleedTick"":2246932.309736091,""autoAttack"":323516.0942473035}"
72,龙牙,86.4425,86.4425,87.66,4,4,3,0,0,1,1,1,0,0,2,2,,[],16587385.089504238,"{""dragonFang"":6998278.799870527,""dragonBlood"":2228117.3213662216,""dragonFangStrain"":564636.1597970189,""breakGang"":2831168.0888061924,""breakArmy"":2034330.9210276685,""dragonFangDivine"":89232.49785178235,""bleedTick"":1841621.3007848305}"
73,龙牙,87.66,87.66,88.8775,3,3,2,0,0,1,1,1,0,0,2,2,,[],14728579.152352858,"{""dragonFang"":6739855.178250027,""dragonBlood"":2145840.212372868,""dragonFangStrain"":564636.1597970189,""breakGang"":2831168.0888061924,""breakArmy"":2034330.9210276685,""dragonFangDivine"":89232.49785178235,""autoAttack"":323516.0942473035}"
74,龙牙,88.8775,88.8775,90.095,2,2,1,0,0,1,1,1,0,0,2,2,,[],16222819.316041209,"{""dragonFang"":6476364.42679383,""dragonBlood"":2061949.8267325847,""dragonFangStrain"":564636.1597970189,""breakGang"":2831168.0888061924,""breakArmy"":2034330.9210276685,""dragonFangDivine"":89232.49785178235,""bleedTick"":1841621.3007848305,""autoAttack"":323516.0942473035}"
75,下马→穿云,90.095,90.095,91.3125,1,1,2,0,0,1,0,0,0,0,2,2,,"[{""action"":""dismount"",""seconds"":90.095,""rageBefore"":null,""rageAfter"":null,""mounted"":null,""thunder"":null,""orange"":null,""reason"":""free-search"",""dragonRideStacksAtStart"":null,""chargeReadyAtStart"":null}]",3987025.620964514,"{""cloudStrike"":2012970.6101515128,""breakArmy"":630970.9242958768,""autoAttack"":200684.40871821836,""bleedTick"":1142399.6777989056}"
76,灭·正常,91.3125,91.3125,92.53,2,2,5,0,0,0,0,0,0,0,2,2,normal,[],6134184.638694813,"{""destroy"":1944182.7617787733,""breakArmy"":630970.9242958768,""destroyPoLouLan"":1865690.183716256,""destroyStrain"":350256.68238678254,""autoAttack"":200684.40871821836,""bleedTick"":1142399.6777989056}"
77,龙牙,92.53,92.53,93.7475,5,5,2,0,1,0,0,0,0,0,2,2,,[],9591826.197994024,"{""dragonFang"":4526273.727421053,""dragonBlood"":1441078.46825112,""dragonFangStrain"":350256.68238678254,""breakGang"":1756238.1099026103,""breakArmy"":1261941.8485917535,""dragonFangDivine"":55352.95272248696,""autoAttack"":200684.40871821836}"
78,龙吟,93.7475,93.7475,94.965,2,2,4,1,1,0,0,0,0,0,2,1,,[],4872846.905706299,"{""dragonRoar"":3088691.708577709,""breakArmy"":630970.9242958768,""bleedTick"":952499.8641144952,""autoAttack"":200684.40871821836}"
79,穿云,94.965,94.965,96.1825,4,4,5,1,1,0,0,0,0,0,2,1,,[],3849064.814983464,"{""cloudStrike"":2265594.0265730917,""breakArmy"":630970.9242958768,""bleedTick"":952499.8641144952}"
80,雷→龙牙,96.1825,96.1825,97.4,5,5,4,1,2,0,0,1,0,0,2,1,,"[{""action"":""thunder"",""seconds"":96.1825,""rageBefore"":5,""rageAfter"":null,""mounted"":false,""thunder"":null,""orange"":null,""reason"":null,""dragonRideStacksAtStart"":1,""chargeReadyAtStart"":false}]",16945471.276644893,"{""dragonFang"":7256702.421491029,""dragonBlood"":2310394.4303595773,""dragonFangStrain"":564636.1597970189,""breakGang"":2831168.0888061924,""breakArmy"":2034330.9210276685,""dragonFangDivine"":89232.49785178235,""autoAttack"":323516.0942473035,""bleedTick"":1535490.6630643231}"
81,龙牙,97.4,97.4,98.6175,4,4,3,2,3,0,0,1,0,0,2,1,,[],15069279.882966712,"{""dragonFang"":6998278.799870527,""dragonBlood"":2228117.3213662216,""dragonFangStrain"":564636.1597970189,""breakGang"":2831168.0888061924,""breakArmy"":2034330.9210276685,""dragonFangDivine"":89232.49785178235,""autoAttack"":323516.0942473035}"
82,龙牙,98.6175,98.6175,99.835,3,3,2,3,4,0,0,1,0,0,2,1,,[],16264069.815417182,"{""dragonFang"":6739855.178250027,""dragonBlood"":2145840.212372868,""dragonFangStrain"":564636.1597970189,""breakGang"":2831168.0888061924,""breakArmy"":2034330.9210276685,""dragonFangDivine"":89232.49785178235,""bleedTick"":1535490.6630643231,""autoAttack"":323516.0942473035}"
83,灭·正常,99.835,99.835,101.0525,2,2,5,4,4,0,0,1,0,0,2,2,normal,[],9863296.516708255,"{""destroy"":3121184.614067377,""breakArmy"":1017165.4605138343,""destroyPoLouLan"":2995172.887297891,""destroyStrain"":564636.1597970189,""bleedTick"":1841621.3007848305,""autoAttack"":323516.0942473035}"
84,龙牙,101.0525,101.0525,102.27,5,5,4,4,5,0,0,1,0,0,2,2,,[],17251601.9143654,"{""dragonFang"":7256702.421491029,""dragonBlood"":2310394.4303595773,""dragonFangStrain"":564636.1597970189,""breakGang"":2831168.0888061924,""breakArmy"":2034330.9210276685,""dragonFangDivine"":89232.49785178235,""bleedTick"":1841621.3007848305,""autoAttack"":323516.0942473035}"
85,龙牙,102.27,102.27,103.4875,4,4,3,5,6,0,0,1,0,0,2,2,,[],14745763.788719408,"{""dragonFang"":6998278.799870527,""dragonBlood"":2228117.3213662216,""dragonFangStrain"":564636.1597970189,""breakGang"":2831168.0888061924,""breakArmy"":2034330.9210276685,""dragonFangDivine"":89232.49785178235}"
86,龙牙,103.4875,103.4875,104.705,3,3,2,6,7,0,0,1,0,0,2,2,,[],16570200.453137688,"{""dragonFang"":6739855.178250027,""dragonBlood"":2145840.212372868,""dragonFangStrain"":564636.1597970189,""breakGang"":2831168.0888061924,""breakArmy"":2034330.9210276685,""dragonFangDivine"":89232.49785178235,""autoAttack"":323516.0942473035,""bleedTick"":1841621.3007848305}"
87,灭·破楼兰,104.705,104.705,105.9225,2,2,5,7,7,0,0,1,0,0,2,2,poLouLanBonus,[],9863296.516708255,"{""destroy"":3121184.614067377,""breakArmy"":1017165.4605138343,""destroyPoLouLan"":2995172.887297891,""destroyStrain"":564636.1597970189,""autoAttack"":323516.0942473035,""bleedTick"":1841621.3007848305}"
88,龙牙,105.9225,105.9225,107.14,5,5,4,7,8,0,0,1,0,0,2,2,,[],17251601.9143654,"{""dragonFang"":7256702.421491029,""dragonBlood"":2310394.4303595773,""dragonFangStrain"":564636.1597970189,""breakGang"":2831168.0888061924,""breakArmy"":2034330.9210276685,""dragonFangDivine"":89232.49785178235,""autoAttack"":323516.0942473035,""bleedTick"":1841621.3007848305}"
89,CW→龙牙,107.14,107.14,108.3575,4,5,5,8,9,0,0,1,1,0,2,2,,"[{""action"":""orange"",""seconds"":107.14,""rageBefore"":null,""rageAfter"":5,""mounted"":null,""thunder"":null,""orange"":null,""reason"":null,""dragonRideStacksAtStart"":null,""chargeReadyAtStart"":null}]",20857132.879101537,"{""dragonFang"":7256702.421491029,""dragonBlood"":2310394.4303595773,""dragonFangStrain"":564636.1597970189,""breakGang"":2831168.0888061924,""breakArmy"":2034330.9210276685,""dragonFangDivine"":89232.49785178235,""orangeExtra"":5447152.265520969,""autoAttack"":323516.0942473035}"
90,龙牙,108.3575,108.3575,109.575,5,5,5,9,10,0,0,1,1,0,2,2,,[],22698754.179886367,"{""dragonFang"":7256702.421491029,""dragonBlood"":2310394.4303595773,""dragonFangStrain"":564636.1597970189,""breakGang"":2831168.0888061924,""breakArmy"":2034330.9210276685,""dragonFangDivine"":89232.49785178235,""orangeExtra"":5447152.265520969,""bleedTick"":1841621.3007848305,""autoAttack"":323516.0942473035}"
91,龙牙,109.575,109.575,110.7925,5,5,5,10,11,0,0,1,1,0,2,2,,[],22698754.179886367,"{""dragonFang"":7256702.421491029,""dragonBlood"":2310394.4303595773,""dragonFangStrain"":564636.1597970189,""breakGang"":2831168.0888061924,""breakArmy"":2034330.9210276685,""dragonFangDivine"":89232.49785178235,""orangeExtra"":5447152.265520969,""bleedTick"":1841621.3007848305,""autoAttack"":323516.0942473035}"
92,龙牙,110.7925,110.7925,112.01,5,5,5,11,12,0,0,1,1,0,2,2,,[],22375238.085639063,"{""dragonFang"":7256702.421491029,""dragonBlood"":2310394.4303595773,""dragonFangStrain"":564636.1597970189,""breakGang"":2831168.0888061924,""breakArmy"":2034330.9210276685,""dragonFangDivine"":89232.49785178235,""orangeExtra"":5447152.265520969,""bleedTick"":1841621.3007848305}"
93,龙牙,112.01,112.01,113.2275,5,5,5,12,13,0,0,1,1,0,2,2,,[],20857132.879101537,"{""dragonFang"":7256702.421491029,""dragonBlood"":2310394.4303595773,""dragonFangStrain"":564636.1597970189,""breakGang"":2831168.0888061924,""breakArmy"":2034330.9210276685,""dragonFangDivine"":89232.49785178235,""orangeExtra"":5447152.265520969,""autoAttack"":323516.0942473035}"
94,龙牙,113.2275,113.2275,114.445,5,5,4,13,14,0,0,1,0,0,2,2,,[],17251601.9143654,"{""dragonFang"":7256702.421491029,""dragonBlood"":2310394.4303595773,""dragonFangStrain"":564636.1597970189,""breakGang"":2831168.0888061924,""breakArmy"":2034330.9210276685,""dragonFangDivine"":89232.49785178235,""bleedTick"":1841621.3007848305,""autoAttack"":323516.0942473035}"
95,龙牙,114.445,114.445,115.6625,4,4,1,14,15,0,0,0,0,0,2,2,,[],10521718.227508547,"{""dragonFang"":4365085.355465526,""dragonBlood"":1389759.1919222635,""dragonFangStrain"":350256.68238678254,""breakGang"":1756238.1099026103,""breakArmy"":1261941.8485917535,""dragonFangDivine"":55352.95272248696,""bleedTick"":1142399.6777989056,""autoAttack"":200684.40871821836}"
96,灭·正常,115.6625,115.6625,116.88,1,1,4,15,15,0,0,0,0,0,2,2,normal,[],5975842.641667494,"{""destroy"":1863380.6496111874,""breakArmy"":630970.9242958768,""destroyPoLouLan"":1788150.298856523,""destroyStrain"":350256.68238678254,""autoAttack"":200684.40871821836,""bleedTick"":1142399.6777989056}"
97,龙牙,116.88,116.88,118.0975,4,4,1,15,16,0,0,0,0,0,2,2,,[],9379318.54970964,"{""dragonFang"":4365085.355465526,""dragonBlood"":1389759.1919222635,""dragonFangStrain"":350256.68238678254,""breakGang"":1756238.1099026103,""breakArmy"":1261941.8485917535,""dragonFangDivine"":55352.95272248696,""autoAttack"":200684.40871821836}"
98,灭·破楼兰,118.0975,118.0975,119.315,1,1,4,16,16,0,0,0,0,0,2,2,poLouLanBonus,[],5975842.641667494,"{""destroy"":1863380.6496111874,""breakArmy"":630970.9242958768,""destroyPoLouLan"":1788150.298856523,""destroyStrain"":350256.68238678254,""bleedTick"":1142399.6777989056,""autoAttack"":200684.40871821836}"
99,穿云,119.315,119.315,120.5325,4,4,5,16,16,0,0,0,0,0,2,2,,[],4038964.6286678743,"{""cloudStrike"":2265594.0265730917,""breakArmy"":630970.9242958768,""bleedTick"":1142399.6777989056}"
100,龙牙,120.5325,120.5325,121.75,5,5,2,16,17,0,0,0,0,0,2,2,,[],10734225.87579293,"{""dragonFang"":4526273.727421053,""dragonBlood"":1441078.46825112,""dragonFangStrain"":350256.68238678254,""breakGang"":1756238.1099026103,""breakArmy"":1261941.8485917535,""dragonFangDivine"":55352.95272248696,""autoAttack"":200684.40871821836,""bleedTick"":1142399.6777989056}"
101,龙吟,121.75,121.75,122.9675,2,2,4,17,17,0,0,0,0,0,2,1,,[],3920347.041591804,"{""dragonRoar"":3088691.708577709,""breakArmy"":630970.9242958768,""autoAttack"":200684.40871821836}"
102,龙牙,122.9675,122.9675,124.185,4,4,1,17,18,0,0,0,0,0,2,1,,[],10331818.413824135,"{""dragonFang"":4365085.355465526,""dragonBlood"":1389759.1919222635,""dragonFangStrain"":350256.68238678254,""breakGang"":1756238.1099026103,""breakArmy"":1261941.8485917535,""dragonFangDivine"":55352.95272248696,""bleedTick"":952499.8641144952,""autoAttack"":200684.40871821836}"
103,穿云,124.185,124.185,125.4025,1,1,2,18,18,0,0,0,0,0,2,1,,[],3797125.807280103,"{""cloudStrike"":2012970.6101515128,""breakArmy"":630970.9242958768,""bleedTick"":952499.8641144952,""autoAttack"":200684.40871821836}"
104,灭·正常,125.4025,125.4025,126.62,2,2,5,18,18,0,0,0,0,0,2,2,normal,[],6134184.638694813,"{""destroy"":1944182.7617787733,""breakArmy"":630970.9242958768,""destroyPoLouLan"":1865690.183716256,""destroyStrain"":350256.68238678254,""bleedTick"":1142399.6777989056,""autoAttack"":200684.40871821836}"
105,任驰骋→雷,126.62,126.62,127.8375,5,5,5,18,24,0,1,0,0,0,2,2,,"[{""action"":""thunder"",""seconds"":127.775,""rageBefore"":5,""rageAfter"":null,""mounted"":true,""thunder"":null,""orange"":null,""reason"":null,""dragonRideStacksAtStart"":24,""chargeReadyAtStart"":true}]",0,{}
106,龙牙,127.8375,127.8375,129.055,5,5,4,24,23,1,1,1,0,1,2,2,,[],24669095.75970411,"{""dragonFang"":12777896.140423676,""dragonBlood"":2776182.313681091,""dragonFangStrain"":564636.1597970189,""breakGang"":3453669.2581398995,""breakArmy"":2382931.5758545445,""dragonFangDivine"":108881.35399991347,""autoAttack"":357966.6480718725,""bleedTick"":2246932.309736091}"
107,龙牙,129.055,129.055,130.2725,4,4,3,23,22,1,1,1,0,1,2,2,,[],24115188.343964543,"{""dragonFang"":12322853.33923073,""dragonBlood"":2677317.699134469,""dragonFangStrain"":564636.1597970189,""breakGang"":3453669.2581398995,""breakArmy"":2382931.5758545445,""dragonFangDivine"":108881.35399991347,""autoAttack"":357966.6480718725,""bleedTick"":2246932.309736091}"
108,龙牙,130.2725,130.2725,131.49,3,3,2,22,21,1,1,1,0,1,2,2,,[],23561280.928224973,"{""dragonFang"":11867810.538037783,""dragonBlood"":2578453.084587848,""dragonFangStrain"":564636.1597970189,""breakGang"":3453669.2581398995,""breakArmy"":2382931.5758545445,""dragonFangDivine"":108881.35399991347,""autoAttack"":357966.6480718725,""bleedTick"":2246932.309736091}"
109,灭·破楼兰,131.49,131.49,132.7075,2,2,5,21,21,1,1,1,0,0,2,2,poLouLanBonus,[],9530989.638717063,"{""destroy"":3771466.384845193,""breakArmy"":1191465.7879272723,""destroyPoLouLan"":3645454.658075708,""destroyStrain"":564636.1597970189,""autoAttack"":357966.6480718725}"
110,龙牙,132.7075,132.7075,133.925,5,5,4,21,20,1,1,1,0,1,2,2,,[],24669095.75970411,"{""dragonFang"":12777896.140423676,""dragonBlood"":2776182.313681091,""dragonFangStrain"":564636.1597970189,""breakGang"":3453669.2581398995,""breakArmy"":2382931.5758545445,""dragonFangDivine"":108881.35399991347,""bleedTick"":2246932.309736091,""autoAttack"":357966.6480718725}"
111,龙牙,133.925,133.925,135.1425,4,4,3,20,19,1,1,1,0,1,2,2,,[],24115188.343964543,"{""dragonFang"":12322853.33923073,""dragonBlood"":2677317.699134469,""dragonFangStrain"":564636.1597970189,""breakGang"":3453669.2581398995,""breakArmy"":2382931.5758545445,""dragonFangDivine"":108881.35399991347,""bleedTick"":2246932.309736091,""autoAttack"":357966.6480718725}"
112,龙牙,135.1425,135.1425,136.36,3,3,2,19,18,1,1,1,0,1,2,2,,[],23203314.2801531,"{""dragonFang"":11867810.538037783,""dragonBlood"":2578453.084587848,""dragonFangStrain"":564636.1597970189,""breakGang"":3453669.2581398995,""breakArmy"":2382931.5758545445,""dragonFangDivine"":108881.35399991347,""bleedTick"":2246932.309736091}"
113,断魂刺→龙牙,136.36,136.36,137.5775,2,5,4,18,17,1,1,1,0,1,2,2,,"[{""action"":""charge"",""seconds"":136.36,""rageBefore"":2,""rageAfter"":5,""mounted"":true,""thunder"":true,""orange"":false,""reason"":null,""dragonRideStacksAtStart"":null,""chargeReadyAtStart"":null}]",25079024.70906857,"{""charge"":273929.6832460043,""breakArmy"":4765863.151709089,""dragonFang"":12777896.140423676,""dragonBlood"":2776182.313681091,""dragonFangStrain"":564636.1597970189,""breakGang"":3453669.2581398995,""dragonFangDivine"":108881.35399991347,""autoAttack"":357966.6480718725}"
114,龙牙,137.5775,137.5775,138.795,4,4,3,17,16,1,1,1,0,1,2,2,,[],24115188.343964543,"{""dragonFang"":12322853.33923073,""dragonBlood"":2677317.699134469,""dragonFangStrain"":564636.1597970189,""breakGang"":3453669.2581398995,""breakArmy"":2382931.5758545445,""dragonFangDivine"":108881.35399991347,""bleedTick"":2246932.309736091,""autoAttack"":357966.6480718725}"
115,龙牙,138.795,138.795,140.0125,3,3,2,16,15,1,1,1,0,1,2,2,,[],23561280.928224973,"{""dragonFang"":11867810.538037783,""dragonBlood"":2578453.084587848,""dragonFangStrain"":564636.1597970189,""breakGang"":3453669.2581398995,""breakArmy"":2382931.5758545445,""dragonFangDivine"":108881.35399991347,""bleedTick"":2246932.309736091,""autoAttack"":357966.6480718725}"
116,灭·正常,140.0125,140.0125,141.23,2,2,5,15,15,1,1,1,0,0,2,2,normal,[],11777921.948453154,"{""destroy"":3771466.384845193,""breakArmy"":1191465.7879272723,""destroyPoLouLan"":3645454.658075708,""destroyStrain"":564636.1597970189,""autoAttack"":357966.6480718725,""bleedTick"":2246932.309736091}"
117,龙牙,141.23,141.23,142.4475,5,5,4,15,14,1,1,1,0,1,2,2,,[],22387712.896143448,"{""dragonFang"":12777896.140423676,""dragonBlood"":2776182.313681091,""dragonFangStrain"":564636.1597970189,""breakGang"":3453669.2581398995,""breakArmy"":2382931.5758545445,""dragonFangDivine"":108881.35399991347,""autoAttack"":323516.0942473035}"
118,龙牙,142.4475,142.4475,143.665,4,4,3,14,13,1,1,1,0,0,2,2,,[],19737977.400774077,"{""dragonFang"":10148871.111140365,""dragonBlood"":2228117.3213662216,""dragonFangStrain"":564636.1597970189,""breakGang"":2831168.0888061924,""breakArmy"":2034330.9210276685,""dragonFangDivine"":89232.49785178235,""bleedTick"":1841621.3007848305}"
119,龙牙,143.665,143.665,144.8825,3,3,2,13,12,1,1,1,0,0,2,2,,[],19604451.661314704,"{""dragonFang"":9774106.386427041,""dragonBlood"":2145840.212372868,""dragonFangStrain"":564636.1597970189,""breakGang"":2831168.0888061924,""breakArmy"":2034330.9210276685,""dragonFangDivine"":89232.49785178235,""autoAttack"":323516.0942473035,""bleedTick"":1841621.3007848305}"
120,龙牙,144.8825,144.8825,146.1,2,2,1,12,11,1,1,1,0,0,2,2,,[],18439226.600039616,"{""dragonFang"":9391993.333778162,""dragonBlood"":2061949.8267325847,""dragonFangStrain"":564636.1597970189,""breakGang"":2831168.0888061924,""breakArmy"":2034330.9210276685,""dragonFangDivine"":89232.49785178235,""autoAttack"":323516.0942473035,""bleedTick"":1142399.6777989056}"
121,下马→任驰骋→断魂刺,146.1,146.1,147.3175,1,1,4,11,17,1,1,0,0,0,2,2,,"[{""action"":""dismount"",""seconds"":146.1,""rageBefore"":null,""rageAfter"":null,""mounted"":null,""thunder"":null,""orange"":null,""reason"":""refresh-ride"",""dragonRideStacksAtStart"":null,""chargeReadyAtStart"":null},{""action"":""charge"",""seconds"":147.255,""rageBefore"":1,""rageAfter"":4,""mounted"":true,""thunder"":false,""orange"":false,""reason"":null,""dragonRideStacksAtStart"":null,""chargeReadyAtStart"":null}]",1848796.0183414202,"{""autoAttack"":200684.40871821836,""charge"":169924.82751281673,""breakArmy"":1478186.7821103851}"
122,龙牙,147.3175,147.3175,148.535,4,4,1,17,16,1,1,0,0,1,2,2,,[],15010414.573543468,"{""dragonFang"":7686219.452934723,""dragonBlood"":1669942.0835644247,""dragonFangStrain"":350256.68238678254,""breakGang"":2142389.7769001666,""breakArmy"":1478186.7821103851,""dragonFangDivine"":67541.58614195058,""bleedTick"":1393823.3368524497,""autoAttack"":222054.87265258387}"
123,灭·正常,148.535,148.535,149.7525,1,1,4,16,16,1,1,0,0,0,2,2,normal,[],7133209.597728184,"{""destroy"":2251605.8327679196,""breakArmy"":739093.3910551926,""destroyPoLouLan"":2176375.4820132554,""destroyStrain"":350256.68238678254,""bleedTick"":1393823.3368524497,""autoAttack"":222054.87265258387}"
124,龙牙,149.7525,149.7525,150.97,4,4,1,16,15,1,1,0,0,1,2,2,,[],15010414.573543468,"{""dragonFang"":7686219.452934723,""dragonBlood"":1669942.0835644247,""dragonFangStrain"":350256.68238678254,""breakGang"":2142389.7769001666,""breakArmy"":1478186.7821103851,""dragonFangDivine"":67541.58614195058,""bleedTick"":1393823.3368524497,""autoAttack"":222054.87265258387}"
125,龙吟,150.97,150.97,152.1875,1,1,3,15,15,1,1,0,0,0,2,1,,[],4339849.735440744,"{""dragonRoar"":3600756.3443855518,""breakArmy"":739093.3910551926}"
126,龙牙,152.1875,152.1875,153.405,3,3,0,15,14,1,1,0,0,1,2,1,,[],14433205.3907055,"{""dragonFang"":7402392.425689955,""dragonBlood"":1608276.5664462459,""dragonFangStrain"":350256.68238678254,""breakGang"":2142389.7769001666,""breakArmy"":1478186.7821103851,""dragonFangDivine"":67541.58614195058,""bleedTick"":1162106.698377429,""autoAttack"":222054.87265258387}"
127,灭·破楼兰,153.405,153.405,154.6225,0,0,3,14,14,1,1,0,0,0,2,2,poLouLanBonus,[],6941198.2430178225,"{""destroy"":2153969.0417588134,""breakArmy"":739093.3910551926,""destroyPoLouLan"":2082000.9183120006,""destroyStrain"":350256.68238678254,""autoAttack"":222054.87265258387,""bleedTick"":1393823.3368524497}"
128,雷→龙牙,154.6225,154.6225,155.84,3,3,2,14,13,1,1,1,0,1,2,2,,"[{""action"":""thunder"",""seconds"":154.6225,""rageBefore"":3,""rageAfter"":null,""mounted"":true,""thunder"":null,""orange"":null,""reason"":null,""dragonRideStacksAtStart"":14,""chargeReadyAtStart"":false}]",23561280.928224973,"{""dragonFang"":11867810.538037783,""dragonBlood"":2578453.084587848,""dragonFangStrain"":564636.1597970189,""breakGang"":3453669.2581398995,""breakArmy"":2382931.5758545445,""dragonFangDivine"":108881.35399991347,""autoAttack"":357966.6480718725,""bleedTick"":2246932.309736091}"
129,龙牙,155.84,155.84,157.0575,2,2,1,13,12,1,1,1,0,1,2,2,,[],20749580.273028933,"{""dragonFang"":11403845.32897831,""dragonBlood"":2477649.94818737,""dragonFangStrain"":564636.1597970189,""breakGang"":3453669.2581398995,""breakArmy"":2382931.5758545445,""dragonFangDivine"":108881.35399991347,""autoAttack"":357966.6480718725}"
130,龙牙,157.0575,157.0575,158.275,1,1,0,12,11,1,1,1,0,1,2,2,,[],22442605.167025454,"{""dragonFang"":10948802.527785365,""dragonBlood"":2378785.3336407477,""dragonFangStrain"":564636.1597970189,""breakGang"":3453669.2581398995,""breakArmy"":2382931.5758545445,""dragonFangDivine"":108881.35399991347,""bleedTick"":2246932.309736091,""autoAttack"":357966.6480718725}"
131,CW→龙牙,158.275,158.275,159.4925,0,5,5,11,10,1,1,1,1,1,2,2,,"[{""action"":""orange"",""seconds"":158.275,""rageBefore"":null,""rageAfter"":5,""mounted"":null,""thunder"":null,""orange"":null,""reason"":null,""dragonRideStacksAtStart"":null,""chargeReadyAtStart"":null}]",30956330.68607285,"{""dragonFang"":12777896.140423676,""dragonBlood"":2776182.313681091,""dragonFangStrain"":564636.1597970189,""breakGang"":3453669.2581398995,""breakArmy"":2382931.5758545445,""dragonFangDivine"":108881.35399991347,""orangeExtra"":6645201.574440612,""bleedTick"":2246932.309736091}"
132,龙牙,159.4925,159.4925,160.71,5,5,5,10,9,1,1,1,1,1,2,2,,[],31314297.334144723,"{""dragonFang"":12777896.140423676,""dragonBlood"":2776182.313681091,""dragonFangStrain"":564636.1597970189,""breakGang"":3453669.2581398995,""breakArmy"":2382931.5758545445,""dragonFangDivine"":108881.35399991347,""orangeExtra"":6645201.574440612,""autoAttack"":357966.6480718725,""bleedTick"":2246932.309736091}"
133,龙牙,160.71,160.71,161.9275,5,5,5,9,8,1,1,1,1,1,2,2,,[],29067365.02440863,"{""dragonFang"":12777896.140423676,""dragonBlood"":2776182.313681091,""dragonFangStrain"":564636.1597970189,""breakGang"":3453669.2581398995,""breakArmy"":2382931.5758545445,""dragonFangDivine"":108881.35399991347,""orangeExtra"":6645201.574440612,""autoAttack"":357966.6480718725}"
134,龙牙,161.9275,161.9275,163.145,5,5,5,8,7,1,1,1,1,0,2,2,,[],25965687.59424903,"{""dragonFang"":10523635.835853688,""dragonBlood"":2310394.4303595773,""dragonFangStrain"":564636.1597970189,""breakGang"":2831168.0888061924,""breakArmy"":2034330.9210276685,""dragonFangDivine"":89232.49785178235,""orangeExtra"":5447152.265520969,""bleedTick"":1841621.3007848305,""autoAttack"":323516.0942473035}"
135,龙牙,163.145,163.145,164.3625,5,5,5,7,6,1,1,1,1,0,2,2,,[],25965687.59424903,"{""dragonFang"":10523635.835853688,""dragonBlood"":2310394.4303595773,""dragonFangStrain"":564636.1597970189,""breakGang"":2831168.0888061924,""breakArmy"":2034330.9210276685,""dragonFangDivine"":89232.49785178235,""orangeExtra"":5447152.265520969,""bleedTick"":1841621.3007848305,""autoAttack"":323516.0942473035}"
136,龙牙,164.3625,164.3625,165.58,5,5,4,6,5,1,1,1,0,0,2,2,,[],20518535.32872806,"{""dragonFang"":10523635.835853688,""dragonBlood"":2310394.4303595773,""dragonFangStrain"":564636.1597970189,""breakGang"":2831168.0888061924,""breakArmy"":2034330.9210276685,""dragonFangDivine"":89232.49785178235,""autoAttack"":323516.0942473035,""bleedTick"":1841621.3007848305}"
137,龙牙,165.58,165.58,166.7975,4,4,3,5,4,1,1,1,0,0,2,2,,[],18219872.19423655,"{""dragonFang"":10148871.111140365,""dragonBlood"":2228117.3213662216,""dragonFangStrain"":564636.1597970189,""breakGang"":2831168.0888061924,""breakArmy"":2034330.9210276685,""dragonFangDivine"":89232.49785178235,""autoAttack"":323516.0942473035}"
138,灭·正常,166.7975,166.7975,168.015,3,3,5,4,4,1,1,1,0,0,2,2,normal,[],9798966.491403362,"{""destroy"":3253447.5778302182,""breakArmy"":1017165.4605138343,""destroyPoLouLan"":3122095.99247746,""destroyStrain"":564636.1597970189,""bleedTick"":1841621.3007848305}"
139,龙牙,168.015,168.015,169.2325,5,5,4,4,3,1,1,1,0,0,2,2,,[],20518535.32872806,"{""dragonFang"":10523635.835853688,""dragonBlood"":2310394.4303595773,""dragonFangStrain"":564636.1597970189,""breakGang"":2831168.0888061924,""breakArmy"":2034330.9210276685,""dragonFangDivine"":89232.49785178235,""autoAttack"":323516.0942473035,""bleedTick"":1841621.3007848305}"
140,龙牙,169.2325,169.2325,170.45,4,4,3,3,2,1,1,1,0,0,2,2,,[],20061493.49502138,"{""dragonFang"":10148871.111140365,""dragonBlood"":2228117.3213662216,""dragonFangStrain"":564636.1597970189,""breakGang"":2831168.0888061924,""breakArmy"":2034330.9210276685,""dragonFangDivine"":89232.49785178235,""autoAttack"":323516.0942473035,""bleedTick"":1841621.3007848305}"
141,断魂刺→龙牙,170.45,170.45,171.6675,3,5,4,2,1,1,1,1,0,0,2,2,,"[{""action"":""charge"",""seconds"":170.45,""rageBefore"":3,""rageAfter"":5,""mounted"":true,""thunder"":true,""orange"":false,""reason"":null,""dragonRideStacksAtStart"":null,""chargeReadyAtStart"":null}]",20962768.339675423,"{""charge"":251523.390704524,""breakArmy"":4068661.842055337,""dragonFang"":10523635.835853688,""dragonBlood"":2310394.4303595773,""dragonFangStrain"":564636.1597970189,""breakGang"":2831168.0888061924,""dragonFangDivine"":89232.49785178235,""autoAttack"":323516.0942473035}"
142,龙牙,171.6675,171.6675,172.885,4,4,3,1,0,1,1,1,0,0,2,2,,[],20061493.49502138,"{""dragonFang"":10148871.111140365,""dragonBlood"":2228117.3213662216,""dragonFangStrain"":564636.1597970189,""breakGang"":2831168.0888061924,""breakArmy"":2034330.9210276685,""dragonFangDivine"":89232.49785178235,""bleedTick"":1841621.3007848305,""autoAttack"":323516.0942473035}"
143,下马→任驰骋→断魂刺,172.885,172.885,174.1025,3,3,5,0,6,1,1,0,0,0,2,2,,"[{""action"":""dismount"",""seconds"":172.885,""rageBefore"":null,""rageAfter"":null,""mounted"":null,""thunder"":null,""orange"":null,""reason"":""refresh-ride"",""dragonRideStacksAtStart"":null,""chargeReadyAtStart"":null},{""action"":""charge"",""seconds"":174.04,""rageBefore"":3,""rageAfter"":5,""mounted"":true,""thunder"":false,""orange"":false,""reason"":null,""dragonRideStacksAtStart"":null,""chargeReadyAtStart"":null}]",3263989.819128236,"{""bleedTick"":1393823.3368524497,""autoAttack"":222054.87265258387,""charge"":169924.82751281673,""breakArmy"":1478186.7821103851}"
144,龙牙,174.1025,174.1025,175.32,5,5,2,6,5,1,1,0,0,1,2,2,,[],15133852.245253831,"{""dragonFang"":7970046.480179491,""dragonBlood"":1731607.6006826034,""dragonFangStrain"":350256.68238678254,""breakGang"":2142389.7769001666,""breakArmy"":1478186.7821103851,""dragonFangDivine"":67541.58614195058,""bleedTick"":1393823.3368524497}"
145,灭·正常,175.32,175.32,176.5375,2,2,5,5,5,1,1,0,0,0,2,2,normal,[],5931397.615586096,"{""destroy"":2349242.6237770272,""breakArmy"":739093.3910551926,""destroyPoLouLan"":2270750.04571451,""destroyStrain"":350256.68238678254,""autoAttack"":222054.87265258387}"
146,龙牙,176.5375,176.5375,177.755,5,5,2,5,4,1,1,0,0,1,2,2,,[],15355907.117906416,"{""dragonFang"":7970046.480179491,""dragonBlood"":1731607.6006826034,""dragonFangStrain"":350256.68238678254,""breakGang"":2142389.7769001666,""breakArmy"":1478186.7821103851,""dragonFangDivine"":67541.58614195058,""bleedTick"":1393823.3368524497,""autoAttack"":222054.87265258387}"
147,灭·破楼兰,177.755,177.755,178.9725,2,2,5,4,4,1,1,0,0,0,2,2,poLouLanBonus,[],7325220.952438546,"{""destroy"":2349242.6237770272,""breakArmy"":739093.3910551926,""destroyPoLouLan"":2270750.04571451,""destroyStrain"":350256.68238678254,""autoAttack"":222054.87265258387,""bleedTick"":1393823.3368524497}"
148,龙牙,178.9725,178.9725,180,5,5,2,4,3,1,1,0,0,1,2,2,,[],15355907.117906416,"{""dragonFang"":7970046.480179491,""dragonBlood"":1731607.6006826034,""dragonFangStrain"":350256.68238678254,""breakGang"":2142389.7769001666,""breakArmy"":1478186.7821103851,""dragonFangDivine"":67541.58614195058,""autoAttack"":222054.87265258387,""bleedTick"":1393823.3368524497}"
